CustomerName,CustomerNumber,RouteCode,StopSequence,Address,City,ProvinceCode,Postal Code,Country,DeliveryDate,DeliveryWindowStartTime,PhoneNumber,OrderId,EmailAddress,MasterBarcode,BarcodedSerialNumber,Barcode,RefaNumber,PieceNotes,ParcelWeight,ParcelWeightUnit,ParcelLength,ParcelLengthUnit,ParcelWidth,ParcelWidthUnit,ParcelHeight,ParcelHeightUnit,OtmNumber,PackagingFormCode,BarcodeSerialQualifier,BarcodeQualifier,MasterBarcodeQualifier
"010"" - "":CALGARY CO-OP #15 PHARM",032672,QH,10,700-2220 68TH ST N E,CALGARY,"AB ",T1YY6Y,CA,20-11-2024,05:00:00,04032992606,B001943644,,,,00006291150970281083,,CONSUMER GOODS,1,kg,0,cm,0,cm,0,cm,B001943644,,,,
"010"" - "":CALGARY CO-OP #15 PHARM",032672,QH,10,700-2220 68TH ST N E,CALGARY,"AB ",T1YY6Y,CA,20-11-2024,05:00:00,04032992606,B001943644,,,,00006291150970281090,,CONSUMER GOODS,1,kg,0,cm,0,cm,0,cm,B001943644,,,,
"010"" - "":CALGARY CO-OP #15 PHARM",032672,QH,10,700-2220 68TH ST N E,CALGARY,"AB ",T1YY6Y,CA,20-11-2024,05:00:00,04032992606,B001943644,,,,00006291150970281106,,CONSUMER GOODS,1,kg,0,cm,0,cm,0,cm,B001943644,,,,
"010"" - "":CALGARY CO-OP #15 PHARM",032672,QH,10,700-2220 68TH ST N E,CALGARY,"AB ",T1YY6Y,CA,20-11-2024,05:00:00,04032992606,B001943644,,,,00006291150970281113,,CONSUMER GOODS,1,kg,0,cm,0,cm,0,cm,B001943644,,,,
"010"" - "":CALGARY CO-OP #15 PHARM",032672,QH,10,700-2220 68TH ST N E,CALGARY,"AB ",T1YY6Y,CA,20-11-2024,05:00:00,04032992606,B001943644,,,,00006291150970281120,,CONSUMER GOODS,1,kg,0,cm,0,cm,0,cm,B001943644,,,,
"010"" - "":CALGARY CO-OP #15 PHARM",032672,QH,10,700-2220 68TH ST N E,CALGARY,"AB ",T1YY6Y,CA,20-11-2024,05:00:00,04032992606,B001943644,,,,00006291150970281137,,CONSUMER GOODS,1,kg,0,cm,0,cm,0,cm,B001943644,,,,
"010"" - "":CALGARY CO-OP #15 PHARM",032672,QH,10,700-2220 68TH ST N E,CALGARY,"AB ",T1YY6Y,CA,20-11-2024,05:00:00,04032992606,B001943644,,,,00006291150970281144,,CONSUMER GOODS,1,kg,0,cm,0,cm,0,cm,B001943644,,,,
"010"" - "":CALGARY CO-OP #15 PHARM",032672,QH,10,700-2220 68TH ST N E,CALGARY,"AB ",T1YY6Y,CA,20-11-2024,05:00:00,04032992606,B001943644,,,,00006291150970281151,,CONSUMER GOODS,1,kg,0,cm,0,cm,0,cm,B001943644,,,,
"010"" - "":CALGARY CO-OP #15 PHARM",032672,QH,10,700-2220 68TH ST N E,CALGARY,"AB ",T1YY6Y,CA,20-11-2024,05:00:00,04032992606,B001943644,,,,00006291150970281168,,CONSUMER GOODS,1,kg,0,cm,0,cm,0,cm,B001943644,,,,
"010"" - "":CALGARY CO-OP #15 PHARM",032672,QH,10,700-2220 68TH ST N E,CALGARY,"AB ",T1YY6Y,CA,20-11-2024,05:00:00,04032992606,B001943644,,,,00006291150970281175,,CONSUMER GOODS,1,kg,0,cm,0,cm,0,cm,B001943644,,,,
"010"" - "":CALGARY CO-OP #15 PHARM",032672,QH,10,700-2220 68TH ST N E,CALGARY,"AB ",T1YY6Y,CA,20-11-2024,05:00:00,04032992606,B001943644,,,,00006291150970281182,,CONSUMER GOODS,1,kg,0,cm,0,cm,0,cm,B001943644,,,,
"010"" - "":CALGARY CO-OP #15 PHARM",032672,QH,10,700-2220 68TH ST N E,CALGARY,"AB ",T1YY6Y,CA,20-11-2024,05:00:00,04032992606,B001943644,,,,00006291150970429263,,CONSUMER GOODS,1,kg,0,cm,0,cm,0,cm,B001943644,,,,
"004"" - "":MARSHALL PRESCRIPTION CENTER",033746,QH,4,214-1231 9TH AVE S E,CALGARY,"AB ",T2GG0S,CA,20-11-2024,05:00:00,04032627704,B001943635,,,,00006291150970425555,,CONSUMER GOODS,1,kg,0,cm,0,cm,0,cm,B001943635,,,,
"004"" - "":MARSHALL PRESCRIPTION CENTER",033746,QH,4,214-1231 9TH AVE S E,CALGARY,"AB ",T2GG0S,CA,20-11-2024,05:00:00,04032627704,B001943635,,,,00006291150970439880,,CONSUMER GOODS,1,kg,0,cm,0,cm,0,cm,B001943635,,,,
"011"" - "":CALGARY CO-OP # 8 PHARM",068973,QH,11,2580 SOUTHLAND DR S W,CALGARY,"AB ",T2VV4J,CA,20-11-2024,05:00:00,04032995374,B001943628,,,,00006291150970285180,,CONSUMER GOODS,1,kg,0,cm,0,cm,0,cm,B001943628,,,,
"011"" - "":CALGARY CO-OP # 8 PHARM",068973,QH,11,2580 SOUTHLAND DR S W,CALGARY,"AB ",T2VV4J,CA,20-11-2024,05:00:00,04032995374,B001943628,,,,00006291150970285197,,CONSUMER GOODS,1,kg,0,cm,0,cm,0,cm,B001943628,,,,
"011"" - "":CALGARY CO-OP # 8 PHARM",068973,QH,11,2580 SOUTHLAND DR S W,CALGARY,"AB ",T2VV4J,CA,20-11-2024,05:00:00,04032995374,B001943628,,,,00006291150970285203,,CONSUMER GOODS,1,kg,0,cm,0,cm,0,cm,B001943628,,,,
"011"" - "":CALGARY CO-OP # 8 PHARM",068973,QH,11,2580 SOUTHLAND DR S W,CALGARY,"AB ",T2VV4J,CA,20-11-2024,05:00:00,04032995374,B001943628,,,,00006291150970285210,,CONSUMER GOODS,1,kg,0,cm,0,cm,0,cm,B001943628,,,,
"011"" - "":CALGARY CO-OP # 8 PHARM",068973,QH,11,2580 SOUTHLAND DR S W,CALGARY,"AB ",T2VV4J,CA,20-11-2024,05:00:00,04032995374,B001943628,,,,00006291150970285227,,CONSUMER GOODS,1,kg,0,cm,0,cm,0,cm,B001943628,,,,
"011"" - "":CALGARY CO-OP # 8 PHARM",068973,QH,11,2580 SOUTHLAND DR S W,CALGARY,"AB ",T2VV4J,CA,20-11-2024,05:00:00,04032995374,B001943628,,,,00006291150970285234,,CONSUMER GOODS,1,kg,0,cm,0,cm,0,cm,B001943628,,,,
"020"" - "":MARSHALL DRUGS LTD #2",070797,QH,20,1233 9TH AVE S E,CALGARY,"AB ",T2GG0S,CA,20-11-2024,05:00:00,04032651709,B001943641,,,,00006291150970425333,,CONSUMER GOODS,1,kg,0,cm,0,cm,0,cm,B001943641,,,,
"020"" - "":MARSHALL DRUGS LTD #2",070797,QH,20,1233 9TH AVE S E,CALGARY,"AB ",T2GG0S,CA,20-11-2024,05:00:00,04032651709,B001943641,,,,00006291150970429102,,CONSUMER GOODS,1,kg,0,cm,0,cm,0,cm,B001943641,,,,
"020"" - "":MARSHALL DRUGS LTD #2",070797,QH,20,1233 9TH AVE S E,CALGARY,"AB ",T2GG0S,CA,20-11-2024,05:00:00,04032651709,B001943641,,,,00006291150970430146,,CONSUMER GOODS,1,kg,0,cm,0,cm,0,cm,B001943641,,,,
"020"" - "":MARSHALL DRUGS LTD #2",070797,QH,20,1233 9TH AVE S E,CALGARY,"AB ",T2GG0S,CA,20-11-2024,05:00:00,04032651709,B001943641,,,,00006291150970439606,,CONSUMER GOODS,1,kg,0,cm,0,cm,0,cm,B001943641,,,,
"020"" - "":MARSHALL DRUGS LTD #2",070797,QH,20,1233 9TH AVE S E,CALGARY,"AB ",T2GG0S,CA,20-11-2024,05:00:00,04032651709,B001943641,,,,00006291150970443351,,CONSUMER GOODS,1,kg,0,cm,0,cm,0,cm,B001943641,,,,
"016"" - "":CALGARY CO-OP #14 PHARM",106898,QH,16,250 SHAWVILLE BLVD S W,CALGARY,"AB ",T2YY2Z,CA,20-11-2024,05:00:00,04032994439,B001943630,,,,00006291150970287542,,CONSUMER GOODS,1,kg,0,cm,0,cm,0,cm,B001943630,,,,
"016"" - "":CALGARY CO-OP #14 PHARM",106898,QH,16,250 SHAWVILLE BLVD S W,CALGARY,"AB ",T2YY2Z,CA,20-11-2024,05:00:00,04032994439,B001943630,,,,00006291150970287566,,CONSUMER GOODS,1,kg,0,cm,0,cm,0,cm,B001943630,,,,
"016"" - "":CALGARY CO-OP #14 PHARM",106898,QH,16,250 SHAWVILLE BLVD S W,CALGARY,"AB ",T2YY2Z,CA,20-11-2024,05:00:00,04032994439,B001943630,,,,00006291150970287573,,CONSUMER GOODS,1,kg,0,cm,0,cm,0,cm,B001943630,,,,
"016"" - "":CALGARY CO-OP #14 PHARM",106898,QH,16,250 SHAWVILLE BLVD S W,CALGARY,"AB ",T2YY2Z,CA,20-11-2024,05:00:00,04032994439,B001943630,,,,00006291150970287580,,CONSUMER GOODS,1,kg,0,cm,0,cm,0,cm,B001943630,,,,
"016"" - "":CALGARY CO-OP #14 PHARM",106898,QH,16,250 SHAWVILLE BLVD S W,CALGARY,"AB ",T2YY2Z,CA,20-11-2024,05:00:00,04032994439,B001943630,,,,00006291150970287597,,CONSUMER GOODS,1,kg,0,cm,0,cm,0,cm,B001943630,,,,
"016"" - "":CALGARY CO-OP #14 PHARM",106898,QH,16,250 SHAWVILLE BLVD S W,CALGARY,"AB ",T2YY2Z,CA,20-11-2024,05:00:00,04032994439,B001943630,,,,00006291150970287733,,CONSUMER GOODS,1,kg,0,cm,0,cm,0,cm,B001943630,,,,
"016"" - "":CALGARY CO-OP #14 PHARM",106898,QH,16,250 SHAWVILLE BLVD S W,CALGARY,"AB ",T2YY2Z,CA,20-11-2024,05:00:00,04032994439,B001943630,,,,00006291150970287740,,CONSUMER GOODS,1,kg,0,cm,0,cm,0,cm,B001943630,,,,
"016"" - "":CALGARY CO-OP #14 PHARM",106898,QH,16,250 SHAWVILLE BLVD S W,CALGARY,"AB ",T2YY2Z,CA,20-11-2024,05:00:00,04032994439,B001943630,,,,00006291150970287795,,CONSUMER GOODS,1,kg,0,cm,0,cm,0,cm,B001943630,,,,
"016"" - "":CALGARY CO-OP #14 PHARM",106898,QH,16,250 SHAWVILLE BLVD S W,CALGARY,"AB ",T2YY2Z,CA,20-11-2024,05:00:00,04032994439,B001943630,,,,00006291150970287825,,CONSUMER GOODS,1,kg,0,cm,0,cm,0,cm,B001943630,,,,
"016"" - "":CALGARY CO-OP #14 PHARM",106898,QH,16,250 SHAWVILLE BLVD S W,CALGARY,"AB ",T2YY2Z,CA,20-11-2024,05:00:00,04032994439,B001943630,,,,00006291150970287832,,CONSUMER GOODS,1,kg,0,cm,0,cm,0,cm,B001943630,,,,
"016"" - "":CALGARY CO-OP #14 PHARM",106898,QH,16,250 SHAWVILLE BLVD S W,CALGARY,"AB ",T2YY2Z,CA,20-11-2024,05:00:00,04032994439,B001943630,,,,00006291150970429164,,CONSUMER GOODS,1,kg,0,cm,0,cm,0,cm,B001943630,,,,
"016"" - "":CALGARY CO-OP #14 PHARM",106898,QH,16,250 SHAWVILLE BLVD S W,CALGARY,"AB ",T2YY2Z,CA,20-11-2024,05:00:00,04032994439,B001943630,,,,00006291150970429171,,CONSUMER GOODS,1,kg,0,cm,0,cm,0,cm,B001943630,,,,
"016"" - "":CALGARY CO-OP #14 PHARM",106898,QH,16,250 SHAWVILLE BLVD S W,CALGARY,"AB ",T2YY2Z,CA,20-11-2024,05:00:00,04032994439,B001943630,,,,00006291150970439668,,CONSUMER GOODS,1,kg,0,cm,0,cm,0,cm,B001943630,,,,
"002"" - "":CALGARY CO-OP #17 PHARM",224410,QH,2,400-1000 HAMPTONS DR N W,CALGARY,"AB ",T3AA6A,CA,20-11-2024,05:00:00,04032996713,B001943639,,,,00006291150970282370,,CONSUMER GOODS,1,kg,0,cm,0,cm,0,cm,B001943639,,,,
"002"" - "":CALGARY CO-OP #17 PHARM",224410,QH,2,400-1000 HAMPTONS DR N W,CALGARY,"AB ",T3AA6A,CA,20-11-2024,05:00:00,04032996713,B001943639,,,,00006291150970282387,,CONSUMER GOODS,1,kg,0,cm,0,cm,0,cm,B001943639,,,,
"002"" - "":CALGARY CO-OP #17 PHARM",224410,QH,2,400-1000 HAMPTONS DR N W,CALGARY,"AB ",T3AA6A,CA,20-11-2024,05:00:00,04032996713,B001943639,,,,00006291150970282394,,CONSUMER GOODS,1,kg,0,cm,0,cm,0,cm,B001943639,,,,
"002"" - "":CALGARY CO-OP #17 PHARM",224410,QH,2,400-1000 HAMPTONS DR N W,CALGARY,"AB ",T3AA6A,CA,20-11-2024,05:00:00,04032996713,B001943639,,,,00006291150970282400,,CONSUMER GOODS,1,kg,0,cm,0,cm,0,cm,B001943639,,,,
"002"" - "":CALGARY CO-OP #17 PHARM",224410,QH,2,400-1000 HAMPTONS DR N W,CALGARY,"AB ",T3AA6A,CA,20-11-2024,05:00:00,04032996713,B001943639,,,,00006291150970282417,,CONSUMER GOODS,1,kg,0,cm,0,cm,0,cm,B001943639,,,,
"002"" - "":CALGARY CO-OP #17 PHARM",224410,QH,2,400-1000 HAMPTONS DR N W,CALGARY,"AB ",T3AA6A,CA,20-11-2024,05:00:00,04032996713,B001943639,,,,00006291150970282424,,CONSUMER GOODS,1,kg,0,cm,0,cm,0,cm,B001943639,,,,
"002"" - "":CALGARY CO-OP #17 PHARM",224410,QH,2,400-1000 HAMPTONS DR N W,CALGARY,"AB ",T3AA6A,CA,20-11-2024,05:00:00,04032996713,B001943639,,,,00006291150970425562,,CONSUMER GOODS,1,kg,0,cm,0,cm,0,cm,B001943639,,,,
"003"" - "":CALGARY CO-OP # 1 PHARM",305219,QH,3,1130 11TH AVE S W,CALGARY,"AB ",T2RR0G,CA,20-11-2024,05:00:00,04032994255,B001943636,,,,00006291150970288044,,CONSUMER GOODS,1,kg,0,cm,0,cm,0,cm,B001943636,,,,
"003"" - "":CALGARY CO-OP # 1 PHARM",305219,QH,3,1130 11TH AVE S W,CALGARY,"AB ",T2RR0G,CA,20-11-2024,05:00:00,04032994255,B001943636,,,,00006291150970288051,,CONSUMER GOODS,1,kg,0,cm,0,cm,0,cm,B001943636,,,,
"003"" - "":CALGARY CO-OP # 1 PHARM",305219,QH,3,1130 11TH AVE S W,CALGARY,"AB ",T2RR0G,CA,20-11-2024,05:00:00,04032994255,B001943636,,,,00006291150970288068,,CONSUMER GOODS,1,kg,0,cm,0,cm,0,cm,B001943636,,,,
"003"" - "":CALGARY CO-OP # 1 PHARM",305219,QH,3,1130 11TH AVE S W,CALGARY,"AB ",T2RR0G,CA,20-11-2024,05:00:00,04032994255,B001943636,,,,00006291150970288075,,CONSUMER GOODS,1,kg,0,cm,0,cm,0,cm,B001943636,,,,
"003"" - "":CALGARY CO-OP # 1 PHARM",305219,QH,3,1130 11TH AVE S W,CALGARY,"AB ",T2RR0G,CA,20-11-2024,05:00:00,04032994255,B001943636,,,,00006291150970288082,,CONSUMER GOODS,1,kg,0,cm,0,cm,0,cm,B001943636,,,,
"003"" - "":CALGARY CO-OP # 1 PHARM",305219,QH,3,1130 11TH AVE S W,CALGARY,"AB ",T2RR0G,CA,20-11-2024,05:00:00,04032994255,B001943636,,,,00006291150970288099,,CONSUMER GOODS,1,kg,0,cm,0,cm,0,cm,B001943636,,,,
"003"" - "":CALGARY CO-OP # 1 PHARM",305219,QH,3,1130 11TH AVE S W,CALGARY,"AB ",T2RR0G,CA,20-11-2024,05:00:00,04032994255,B001943636,,,,00006291150970288280,,CONSUMER GOODS,1,kg,0,cm,0,cm,0,cm,,,,,
"003"" - "":CALGARY CO-OP # 1 PHARM",305219,QH,3,1130 11TH AVE S W,CALGARY,"AB ",T2RR0G,CA,20-11-2024,05:00:00,04032994255,B001943636,,,,00006291150970288297,,CONSUMER GOODS,1,kg,0,cm,0,cm,0,cm,,,,,
"003"" - "":CALGARY CO-OP # 1 PHARM",305219,QH,3,1130 11TH AVE S W,CALGARY,"AB ",T2RR0G,CA,20-11-2024,05:00:00,04032994255,B001943636,,,,00006291150970288501,,CONSUMER GOODS,1,kg,0,cm,0,cm,0,cm,,,,,
"003"" - "":CALGARY CO-OP # 1 PHARM",305219,QH,3,1130 11TH AVE S W,CALGARY,"AB ",T2RR0G,CA,20-11-2024,05:00:00,04032994255,B001943636,,,,00006291150970288518,,CONSUMER GOODS,1,kg,0,cm,0,cm,0,cm,,,,,
"003"" - "":CALGARY CO-OP # 1 PHARM",305219,QH,3,1130 11TH AVE S W,CALGARY,"AB ",T2RR0G,CA,20-11-2024,05:00:00,04032994255,B001943636,,,,00006291150970288556,,CONSUMER GOODS,1,kg,0,cm,0,cm,0,cm,,,,,
"022"" - "":CALGARY CO-OP #20 PHARM",305227,QH,22,1000-11595 ROCKY VALLEY,CALGARY,"AB ",T3GG5Y,CA,20-11-2024,05:00:00,04032995454,B001943648,,,,00006291150970281526,,CONSUMER GOODS,1,kg,0,cm,0,cm,0,cm,B001943648,,,,
"022"" - "":CALGARY CO-OP #20 PHARM",305227,QH,22,1000-11595 ROCKY VALLEY,CALGARY,"AB ",T3GG5Y,CA,20-11-2024,05:00:00,04032995454,B001943648,,,,00006291150970281533,,CONSUMER GOODS,1,kg,0,cm,0,cm,0,cm,B001943648,,,,
"022"" - "":CALGARY CO-OP #20 PHARM",305227,QH,22,1000-11595 ROCKY VALLEY,CALGARY,"AB ",T3GG5Y,CA,20-11-2024,05:00:00,04032995454,B001943648,,,,00006291150970281540,,CONSUMER GOODS,1,kg,0,cm,0,cm,0,cm,B001943648,,,,
"022"" - "":CALGARY CO-OP #20 PHARM",305227,QH,22,1000-11595 ROCKY VALLEY,CALGARY,"AB ",T3GG5Y,CA,20-11-2024,05:00:00,04032995454,B001943648,,,,00006291150970281557,,CONSUMER GOODS,1,kg,0,cm,0,cm,0,cm,B001943648,,,,
"022"" - "":CALGARY CO-OP #20 PHARM",305227,QH,22,1000-11595 ROCKY VALLEY,CALGARY,"AB ",T3GG5Y,CA,20-11-2024,05:00:00,04032995454,B001943648,,,,00006291150970281564,,CONSUMER GOODS,1,kg,0,cm,0,cm,0,cm,B001943648,,,,
"022"" - "":CALGARY CO-OP #20 PHARM",305227,QH,22,1000-11595 ROCKY VALLEY,CALGARY,"AB ",T3GG5Y,CA,20-11-2024,05:00:00,04032995454,B001943648,,,,00006291150970282202,,CONSUMER GOODS,1,kg,0,cm,0,cm,0,cm,,,,,
"022"" - "":CALGARY CO-OP #20 PHARM",305227,QH,22,1000-11595 ROCKY VALLEY,CALGARY,"AB ",T3GG5Y,CA,20-11-2024,05:00:00,04032995454,B001943648,,,,00006291150970282226,,CONSUMER GOODS,1,kg,0,cm,0,cm,0,cm,,,,,
"022"" - "":CALGARY CO-OP #20 PHARM",305227,QH,22,1000-11595 ROCKY VALLEY,CALGARY,"AB ",T3GG5Y,CA,20-11-2024,05:00:00,04032995454,B001943648,,,,00006291150970282233,,CONSUMER GOODS,1,kg,0,cm,0,cm,0,cm,,,,,
"022"" - "":CALGARY CO-OP #20 PHARM",305227,QH,22,1000-11595 ROCKY VALLEY,CALGARY,"AB ",T3GG5Y,CA,20-11-2024,05:00:00,04032995454,B001943648,,,,00006291150970282301,,CONSUMER GOODS,1,kg,0,cm,0,cm,0,cm,,,,,
"022"" - "":CALGARY CO-OP #20 PHARM",305227,QH,22,1000-11595 ROCKY VALLEY,CALGARY,"AB ",T3GG5Y,CA,20-11-2024,05:00:00,04032995454,B001943648,,,,00006291150970282318,,CONSUMER GOODS,1,kg,0,cm,0,cm,0,cm,,,,,
"007"" - "":CALGARY CO-OP #21 PHARM",332858,QH,7,917 85TH ST S W,CALGARY,"AB ",T3HH4C,CA,20-11-2024,05:00:00,04032994420,B001943643,,,,00006291150970288105,,CONSUMER GOODS,1,kg,0,cm,0,cm,0,cm,B001943643,,,,
"007"" - "":CALGARY CO-OP #21 PHARM",332858,QH,7,917 85TH ST S W,CALGARY,"AB ",T3HH4C,CA,20-11-2024,05:00:00,04032994420,B001943643,,,,00006291150970288112,,CONSUMER GOODS,1,kg,0,cm,0,cm,0,cm,B001943643,,,,
"007"" - "":CALGARY CO-OP #21 PHARM",332858,QH,7,917 85TH ST S W,CALGARY,"AB ",T3HH4C,CA,20-11-2024,05:00:00,04032994420,B001943643,,,,00006291150970288129,,CONSUMER GOODS,1,kg,0,cm,0,cm,0,cm,B001943643,,,,
"007"" - "":CALGARY CO-OP #21 PHARM",332858,QH,7,917 85TH ST S W,CALGARY,"AB ",T3HH4C,CA,20-11-2024,05:00:00,04032994420,B001943643,,,,00006291150970288136,,CONSUMER GOODS,1,kg,0,cm,0,cm,0,cm,B001943643,,,,
"007"" - "":CALGARY CO-OP #21 PHARM",332858,QH,7,917 85TH ST S W,CALGARY,"AB ",T3HH4C,CA,20-11-2024,05:00:00,04032994420,B001943643,,,,00006291150970288143,,CONSUMER GOODS,1,kg,0,cm,0,cm,0,cm,B001943643,,,,
"008"" - "":PC8013 CAMBRIAN PHCY 1996",356360,QH,8,9-728 NORTHMONT DR N W,CALGARY,"AB ",T2KK3K,CA,20-11-2024,05:00:00,04032899181,B001943642,,,,00006291150970283131,,CONSUMER GOODS,1,kg,0,cm,0,cm,0,cm,B001943642,,,,
"008"" - "":PC8013 CAMBRIAN PHCY 1996",356360,QH,8,9-728 NORTHMONT DR N W,CALGARY,"AB ",T2KK3K,CA,20-11-2024,05:00:00,04032899181,B001943642,,,,00006291150970283148,,CONSUMER GOODS,1,kg,0,cm,0,cm,0,cm,B001943642,,,,
"008"" - "":PC8013 CAMBRIAN PHCY 1996",356360,QH,8,9-728 NORTHMONT DR N W,CALGARY,"AB ",T2KK3K,CA,20-11-2024,05:00:00,04032899181,B001943642,,,,00006291150970283162,,CONSUMER GOODS,1,kg,0,cm,0,cm,0,cm,B001943642,,,,
"008"" - "":PC8013 CAMBRIAN PHCY 1996",356360,QH,8,9-728 NORTHMONT DR N W,CALGARY,"AB ",T2KK3K,CA,20-11-2024,05:00:00,04032899181,B001943642,,,,00006291150970283223,,CONSUMER GOODS,1,kg,0,cm,0,cm,0,cm,B001943642,,,,
"008"" - "":PC8013 CAMBRIAN PHCY 1996",356360,QH,8,9-728 NORTHMONT DR N W,CALGARY,"AB ",T2KK3K,CA,20-11-2024,05:00:00,04032899181,B001943642,,,,00006291150970283230,,CONSUMER GOODS,1,kg,0,cm,0,cm,0,cm,B001943642,,,,
"008"" - "":PC8013 CAMBRIAN PHCY 1996",356360,QH,8,9-728 NORTHMONT DR N W,CALGARY,"AB ",T2KK3K,CA,20-11-2024,05:00:00,04032899181,B001943642,,,,00006291150970439828,,CONSUMER GOODS,1,kg,0,cm,0,cm,0,cm,B001943642,,,,
"012"" - "":REXALL #7289 SUPER DRUG MART",357988,QH,12,2050-11300 TUSCANY BLVD N W,CALGARY,"AB ",T3LL2V,CA,20-11-2024,05:00:00,04032081704,B001943627,,,,00006291150970281922,,CONSUMER GOODS,1,kg,0,cm,0,cm,0,cm,B001943627,,,,
"012"" - "":REXALL #7289 SUPER DRUG MART",357988,QH,12,2050-11300 TUSCANY BLVD N W,CALGARY,"AB ",T3LL2V,CA,20-11-2024,05:00:00,04032081704,B001943627,,,,00006291150970281939,,CONSUMER GOODS,1,kg,0,cm,0,cm,0,cm,B001943627,,,,
"012"" - "":REXALL #7289 SUPER DRUG MART",357988,QH,12,2050-11300 TUSCANY BLVD N W,CALGARY,"AB ",T3LL2V,CA,20-11-2024,05:00:00,04032081704,B001943627,,,,00006291150970281946,,CONSUMER GOODS,1,kg,0,cm,0,cm,0,cm,B001943627,,,,
"012"" - "":REXALL #7289 SUPER DRUG MART",357988,QH,12,2050-11300 TUSCANY BLVD N W,CALGARY,"AB ",T3LL2V,CA,20-11-2024,05:00:00,04032081704,B001943627,,,,00006291150970281953,,CONSUMER GOODS,1,kg,0,cm,0,cm,0,cm,B001943627,,,,
"012"" - "":REXALL #7289 SUPER DRUG MART",357988,QH,12,2050-11300 TUSCANY BLVD N W,CALGARY,"AB ",T3LL2V,CA,20-11-2024,05:00:00,04032081704,B001943627,,,,00006291150970281960,,CONSUMER GOODS,1,kg,0,cm,0,cm,0,cm,B001943627,,,,
"012"" - "":REXALL #7289 SUPER DRUG MART",357988,QH,12,2050-11300 TUSCANY BLVD N W,CALGARY,"AB ",T3LL2V,CA,20-11-2024,05:00:00,04032081704,B001943627,,,,00006291150970281977,,CONSUMER GOODS,1,kg,0,cm,0,cm,0,cm,B001943627,,,,
"012"" - "":REXALL #7289 SUPER DRUG MART",357988,QH,12,2050-11300 TUSCANY BLVD N W,CALGARY,"AB ",T3LL2V,CA,20-11-2024,05:00:00,04032081704,B001943627,,,,00006291150970281984,,CONSUMER GOODS,1,kg,0,cm,0,cm,0,cm,B001943627,,,,
"012"" - "":REXALL #7289 SUPER DRUG MART",357988,QH,12,2050-11300 TUSCANY BLVD N W,CALGARY,"AB ",T3LL2V,CA,20-11-2024,05:00:00,04032081704,B001943627,,,,00006291150970281991,,CONSUMER GOODS,1,kg,0,cm,0,cm,0,cm,B001943627,,,,
"012"" - "":REXALL #7289 SUPER DRUG MART",357988,QH,12,2050-11300 TUSCANY BLVD N W,CALGARY,"AB ",T3LL2V,CA,20-11-2024,05:00:00,04032081704,B001943627,,,,00006291150970282004,,CONSUMER GOODS,1,kg,0,cm,0,cm,0,cm,B001943627,,,,
"012"" - "":REXALL #7289 SUPER DRUG MART",357988,QH,12,2050-11300 TUSCANY BLVD N W,CALGARY,"AB ",T3LL2V,CA,20-11-2024,05:00:00,04032081704,B001943627,,,,00006291150970282011,,CONSUMER GOODS,1,kg,0,cm,0,cm,0,cm,B001943627,,,,
"012"" - "":REXALL #7289 SUPER DRUG MART",357988,QH,12,2050-11300 TUSCANY BLVD N W,CALGARY,"AB ",T3LL2V,CA,20-11-2024,05:00:00,04032081704,B001943627,,,,00006291150970282028,,CONSUMER GOODS,1,kg,0,cm,0,cm,0,cm,B001943627,,,,
"012"" - "":REXALL #7289 SUPER DRUG MART",357988,QH,12,2050-11300 TUSCANY BLVD N W,CALGARY,"AB ",T3LL2V,CA,20-11-2024,05:00:00,04032081704,B001943627,,,,00006291150970282035,,CONSUMER GOODS,1,kg,0,cm,0,cm,0,cm,B001943627,,,,
"012"" - "":REXALL #7289 SUPER DRUG MART",357988,QH,12,2050-11300 TUSCANY BLVD N W,CALGARY,"AB ",T3LL2V,CA,20-11-2024,05:00:00,04032081704,B001943627,,,,00006291150970282042,,CONSUMER GOODS,1,kg,0,cm,0,cm,0,cm,B001943627,,,,
"012"" - "":REXALL #7289 SUPER DRUG MART",357988,QH,12,2050-11300 TUSCANY BLVD N W,CALGARY,"AB ",T3LL2V,CA,20-11-2024,05:00:00,04032081704,B001943627,,,,00006291150970282059,,CONSUMER GOODS,1,kg,0,cm,0,cm,0,cm,B001943627,,,,
"012"" - "":REXALL #7289 SUPER DRUG MART",357988,QH,12,2050-11300 TUSCANY BLVD N W,CALGARY,"AB ",T3LL2V,CA,20-11-2024,05:00:00,04032081704,B001943627,,,,00006291150970282066,,CONSUMER GOODS,1,kg,0,cm,0,cm,0,cm,B001943627,,,,
"012"" - "":REXALL #7289 SUPER DRUG MART",357988,QH,12,2050-11300 TUSCANY BLVD N W,CALGARY,"AB ",T3LL2V,CA,20-11-2024,05:00:00,04032081704,B001943627,,,,00006291150970282073,,CONSUMER GOODS,1,kg,0,cm,0,cm,0,cm,B001943627,,,,
"012"" - "":REXALL #7289 SUPER DRUG MART",357988,QH,12,2050-11300 TUSCANY BLVD N W,CALGARY,"AB ",T3LL2V,CA,20-11-2024,05:00:00,04032081704,B001943627,,,,00006291150970282080,,CONSUMER GOODS,1,kg,0,cm,0,cm,0,cm,B001943627,,,,
"012"" - "":REXALL #7289 SUPER DRUG MART",357988,QH,12,2050-11300 TUSCANY BLVD N W,CALGARY,"AB ",T3LL2V,CA,20-11-2024,05:00:00,04032081704,B001943627,,,,00006291150970282097,,CONSUMER GOODS,1,kg,0,cm,0,cm,0,cm,B001943627,,,,
"012"" - "":REXALL #7289 SUPER DRUG MART",357988,QH,12,2050-11300 TUSCANY BLVD N W,CALGARY,"AB ",T3LL2V,CA,20-11-2024,05:00:00,04032081704,B001943627,,,,00006291150970282103,,CONSUMER GOODS,1,kg,0,cm,0,cm,0,cm,B001943627,,,,
"012"" - "":REXALL #7289 SUPER DRUG MART",357988,QH,12,2050-11300 TUSCANY BLVD N W,CALGARY,"AB ",T3LL2V,CA,20-11-2024,05:00:00,04032081704,B001943627,,,,00006291150970282110,,CONSUMER GOODS,1,kg,0,cm,0,cm,0,cm,B001943627,,,,
"012"" - "":REXALL #7289 SUPER DRUG MART",357988,QH,12,2050-11300 TUSCANY BLVD N W,CALGARY,"AB ",T3LL2V,CA,20-11-2024,05:00:00,04032081704,B001943627,,,,00006291150970282127,,CONSUMER GOODS,1,kg,0,cm,0,cm,0,cm,B001943627,,,,
"012"" - "":REXALL #7289 SUPER DRUG MART",357988,QH,12,2050-11300 TUSCANY BLVD N W,CALGARY,"AB ",T3LL2V,CA,20-11-2024,05:00:00,04032081704,B001943627,,,,00006291150970282134,,CONSUMER GOODS,1,kg,0,cm,0,cm,0,cm,B001943627,,,,
"012"" - "":REXALL #7289 SUPER DRUG MART",357988,QH,12,2050-11300 TUSCANY BLVD N W,CALGARY,"AB ",T3LL2V,CA,20-11-2024,05:00:00,04032081704,B001943627,,,,00006291150970282141,,CONSUMER GOODS,1,kg,0,cm,0,cm,0,cm,B001943627,,,,
"012"" - "":REXALL #7289 SUPER DRUG MART",357988,QH,12,2050-11300 TUSCANY BLVD N W,CALGARY,"AB ",T3LL2V,CA,20-11-2024,05:00:00,04032081704,B001943627,,,,00006291150970282158,,CONSUMER GOODS,1,kg,0,cm,0,cm,0,cm,B001943627,,,,
"012"" - "":REXALL #7289 SUPER DRUG MART",357988,QH,12,2050-11300 TUSCANY BLVD N W,CALGARY,"AB ",T3LL2V,CA,20-11-2024,05:00:00,04032081704,B001943627,,,,00006291150970282165,,CONSUMER GOODS,1,kg,0,cm,0,cm,0,cm,B001943627,,,,
"012"" - "":REXALL #7289 SUPER DRUG MART",357988,QH,12,2050-11300 TUSCANY BLVD N W,CALGARY,"AB ",T3LL2V,CA,20-11-2024,05:00:00,04032081704,B001943627,,,,00006291150970282172,,CONSUMER GOODS,1,kg,0,cm,0,cm,0,cm,B001943627,,,,
"012"" - "":REXALL #7289 SUPER DRUG MART",357988,QH,12,2050-11300 TUSCANY BLVD N W,CALGARY,"AB ",T3LL2V,CA,20-11-2024,05:00:00,04032081704,B001943627,,,,00006291150970282189,,CONSUMER GOODS,1,kg,0,cm,0,cm,0,cm,B001943627,,,,
"012"" - "":REXALL #7289 SUPER DRUG MART",357988,QH,12,2050-11300 TUSCANY BLVD N W,CALGARY,"AB ",T3LL2V,CA,20-11-2024,05:00:00,04032081704,B001943627,,,,00006291150970282196,,CONSUMER GOODS,1,kg,0,cm,0,cm,0,cm,B001943627,,,,
"012"" - "":REXALL #7289 SUPER DRUG MART",357988,QH,12,2050-11300 TUSCANY BLVD N W,CALGARY,"AB ",T3LL2V,CA,20-11-2024,05:00:00,04032081704,B001943627,,,,00006291150970425487,,CONSUMER GOODS,1,kg,0,cm,0,cm,0,cm,B001943627,,,,
"012"" - "":REXALL #7289 SUPER DRUG MART",357988,QH,12,2050-11300 TUSCANY BLVD N W,CALGARY,"AB ",T3LL2V,CA,20-11-2024,05:00:00,04032081704,B001943627,,,,00006291150970425470,,CONSUMER GOODS,1,kg,0,cm,0,cm,0,cm,B001943627,,,,
"012"" - "":REXALL #7289 SUPER DRUG MART",357988,QH,12,2050-11300 TUSCANY BLVD N W,CALGARY,"AB ",T3LL2V,CA,20-11-2024,05:00:00,04032081704,B001943627,,,,00006291150970425463,,CONSUMER GOODS,1,kg,0,cm,0,cm,0,cm,B001943627,,,,
"012"" - "":REXALL #7289 SUPER DRUG MART",357988,QH,12,2050-11300 TUSCANY BLVD N W,CALGARY,"AB ",T3LL2V,CA,20-11-2024,05:00:00,04032081704,B001943627,,,,00006291150970425456,,CONSUMER GOODS,1,kg,0,cm,0,cm,0,cm,B001943627,,,,
"012"" - "":REXALL #7289 SUPER DRUG MART",357988,QH,12,2050-11300 TUSCANY BLVD N W,CALGARY,"AB ",T3LL2V,CA,20-11-2024,05:00:00,04032081704,B001943627,,,,00006291150970425449,,CONSUMER GOODS,1,kg,0,cm,0,cm,0,cm,B001943627,,,,
"012"" - "":REXALL #7289 SUPER DRUG MART",357988,QH,12,2050-11300 TUSCANY BLVD N W,CALGARY,"AB ",T3LL2V,CA,20-11-2024,05:00:00,04032081704,B001943627,,,,00006291150970425432,,CONSUMER GOODS,1,kg,0,cm,0,cm,0,cm,B001943627,,,,
"012"" - "":REXALL #7289 SUPER DRUG MART",357988,QH,12,2050-11300 TUSCANY BLVD N W,CALGARY,"AB ",T3LL2V,CA,20-11-2024,05:00:00,04032081704,B001943627,,,,00006291150970429195,,CONSUMER GOODS,1,kg,0,cm,0,cm,0,cm,B001943627,,,,
"012"" - "":REXALL #7289 SUPER DRUG MART",357988,QH,12,2050-11300 TUSCANY BLVD N W,CALGARY,"AB ",T3LL2V,CA,20-11-2024,05:00:00,04032081704,B001943627,,,,00006291150970429256,,CONSUMER GOODS,1,kg,0,cm,0,cm,0,cm,B001943627,,,,
"012"" - "":REXALL #7289 SUPER DRUG MART",357988,QH,12,2050-11300 TUSCANY BLVD N W,CALGARY,"AB ",T3LL2V,CA,20-11-2024,05:00:00,04032081704,B001943627,,,,00006291150970429249,,CONSUMER GOODS,1,kg,0,cm,0,cm,0,cm,B001943627,,,,
"012"" - "":REXALL #7289 SUPER DRUG MART",357988,QH,12,2050-11300 TUSCANY BLVD N W,CALGARY,"AB ",T3LL2V,CA,20-11-2024,05:00:00,04032081704,B001943627,,,,00006291150970429232,,CONSUMER GOODS,1,kg,0,cm,0,cm,0,cm,B001943627,,,,
"012"" - "":REXALL #7289 SUPER DRUG MART",357988,QH,12,2050-11300 TUSCANY BLVD N W,CALGARY,"AB ",T3LL2V,CA,20-11-2024,05:00:00,04032081704,B001943627,,,,00006291150970429225,,CONSUMER GOODS,1,kg,0,cm,0,cm,0,cm,B001943627,,,,
"012"" - "":REXALL #7289 SUPER DRUG MART",357988,QH,12,2050-11300 TUSCANY BLVD N W,CALGARY,"AB ",T3LL2V,CA,20-11-2024,05:00:00,04032081704,B001943627,,,,00006291150970429218,,CONSUMER GOODS,1,kg,0,cm,0,cm,0,cm,B001943627,,,,
"012"" - "":REXALL #7289 SUPER DRUG MART",357988,QH,12,2050-11300 TUSCANY BLVD N W,CALGARY,"AB ",T3LL2V,CA,20-11-2024,05:00:00,04032081704,B001943627,,,,00006291150970429201,,CONSUMER GOODS,1,kg,0,cm,0,cm,0,cm,B001943627,,,,
"012"" - "":REXALL #7289 SUPER DRUG MART",357988,QH,12,2050-11300 TUSCANY BLVD N W,CALGARY,"AB ",T3LL2V,CA,20-11-2024,05:00:00,04032081704,B001943627,,,,00006291150970430177,,CONSUMER GOODS,1,kg,0,cm,0,cm,0,cm,B001943627,,,,
"012"" - "":REXALL #7289 SUPER DRUG MART",357988,QH,12,2050-11300 TUSCANY BLVD N W,CALGARY,"AB ",T3LL2V,CA,20-11-2024,05:00:00,04032081704,B001943627,,,,00006291150970430160,,CONSUMER GOODS,1,kg,0,cm,0,cm,0,cm,B001943627,,,,
"012"" - "":REXALL #7289 SUPER DRUG MART",357988,QH,12,2050-11300 TUSCANY BLVD N W,CALGARY,"AB ",T3LL2V,CA,20-11-2024,05:00:00,04032081704,B001943627,,,,00006291150970434595,,CONSUMER GOODS,1,kg,0,cm,0,cm,0,cm,B001943627,,,,
"012"" - "":REXALL #7289 SUPER DRUG MART",357988,QH,12,2050-11300 TUSCANY BLVD N W,CALGARY,"AB ",T3LL2V,CA,20-11-2024,05:00:00,04032081704,B001943627,,,,00006291150970439767,,CONSUMER GOODS,1,kg,0,cm,0,cm,0,cm,B001943627,,,,
"012"" - "":REXALL #7289 SUPER DRUG MART",357988,QH,12,2050-11300 TUSCANY BLVD N W,CALGARY,"AB ",T3LL2V,CA,20-11-2024,05:00:00,04032081704,B001943627,,,,00006291150970439750,,CONSUMER GOODS,1,kg,0,cm,0,cm,0,cm,B001943627,,,,
"012"" - "":REXALL #7289 SUPER DRUG MART",357988,QH,12,2050-11300 TUSCANY BLVD N W,CALGARY,"AB ",T3LL2V,CA,20-11-2024,05:00:00,04032081704,B001943627,,,,00006291150970439743,,CONSUMER GOODS,1,kg,0,cm,0,cm,0,cm,B001943627,,,,
"012"" - "":REXALL #7289 SUPER DRUG MART",357988,QH,12,2050-11300 TUSCANY BLVD N W,CALGARY,"AB ",T3LL2V,CA,20-11-2024,05:00:00,04032081704,B001943627,,,,00006291150970439736,,CONSUMER GOODS,1,kg,0,cm,0,cm,0,cm,B001943627,,,,
"012"" - "":REXALL #7289 SUPER DRUG MART",357988,QH,12,2050-11300 TUSCANY BLVD N W,CALGARY,"AB ",T3LL2V,CA,20-11-2024,05:00:00,04032081704,B001943627,,,,00006291150970439729,,CONSUMER GOODS,1,kg,0,cm,0,cm,0,cm,B001943627,,,,
"012"" - "":REXALL #7289 SUPER DRUG MART",357988,QH,12,2050-11300 TUSCANY BLVD N W,CALGARY,"AB ",T3LL2V,CA,20-11-2024,05:00:00,04032081704,B001943627,,,,00006291150970439712,,CONSUMER GOODS,1,kg,0,cm,0,cm,0,cm,B001943627,,,,
"012"" - "":REXALL #7289 SUPER DRUG MART",357988,QH,12,2050-11300 TUSCANY BLVD N W,CALGARY,"AB ",T3LL2V,CA,20-11-2024,05:00:00,04032081704,B001943627,,,,00006291150970439705,,CONSUMER GOODS,1,kg,0,cm,0,cm,0,cm,B001943627,,,,
"012"" - "":REXALL #7289 SUPER DRUG MART",357988,QH,12,2050-11300 TUSCANY BLVD N W,CALGARY,"AB ",T3LL2V,CA,20-11-2024,05:00:00,04032081704,B001943627,,,,00006291150970443382,,CONSUMER GOODS,1,kg,0,cm,0,cm,0,cm,B001943627,,,,
"012"" - "":REXALL #7289 SUPER DRUG MART",357988,QH,12,2050-11300 TUSCANY BLVD N W,CALGARY,"AB ",T3LL2V,CA,20-11-2024,05:00:00,04032081704,B001943627,,,,00006291150970509989,,CONSUMER GOODS,1,kg,0,cm,0,cm,0,cm,B001943627,,,,
"009"" - "":MSP260 MEDICINE SHOPPE #260",371583,QH,9,11-600 CROWFOOT CR N W,CALGARY,"AB ",T3GG0B,CA,20-11-2024,05:00:00,04034559939,B001943645,,,,00006291150970282738,,CONSUMER GOODS,1,kg,0,cm,0,cm,0,cm,B001943645,,,,
"009"" - "":MSP260 MEDICINE SHOPPE #260",371583,QH,9,11-600 CROWFOOT CR N W,CALGARY,"AB ",T3GG0B,CA,20-11-2024,05:00:00,04034559939,B001943645,,,,00006291150970282745,,CONSUMER GOODS,1,kg,0,cm,0,cm,0,cm,B001943645,,,,
"009"" - "":MSP260 MEDICINE SHOPPE #260",371583,QH,9,11-600 CROWFOOT CR N W,CALGARY,"AB ",T3GG0B,CA,20-11-2024,05:00:00,04034559939,B001943645,,,,00006291150970282752,,CONSUMER GOODS,1,kg,0,cm,0,cm,0,cm,B001943645,,,,
"009"" - "":MSP260 MEDICINE SHOPPE #260",371583,QH,9,11-600 CROWFOOT CR N W,CALGARY,"AB ",T3GG0B,CA,20-11-2024,05:00:00,04034559939,B001943645,,,,00006291150970282769,,CONSUMER GOODS,1,kg,0,cm,0,cm,0,cm,B001943645,,,,
"009"" - "":MSP260 MEDICINE SHOPPE #260",371583,QH,9,11-600 CROWFOOT CR N W,CALGARY,"AB ",T3GG0B,CA,20-11-2024,05:00:00,04034559939,B001943645,,,,00006291150970282820,,CONSUMER GOODS,1,kg,0,cm,0,cm,0,cm,B001943645,,,,
"009"" - "":MSP260 MEDICINE SHOPPE #260",371583,QH,9,11-600 CROWFOOT CR N W,CALGARY,"AB ",T3GG0B,CA,20-11-2024,05:00:00,04034559939,B001943645,,,,00006291150970282875,,CONSUMER GOODS,1,kg,0,cm,0,cm,0,cm,B001943645,,,,
"009"" - "":MSP260 MEDICINE SHOPPE #260",371583,QH,9,11-600 CROWFOOT CR N W,CALGARY,"AB ",T3GG0B,CA,20-11-2024,05:00:00,04034559939,B001943645,,,,00006291150970282882,,CONSUMER GOODS,1,kg,0,cm,0,cm,0,cm,B001943645,,,,
"009"" - "":MSP260 MEDICINE SHOPPE #260",371583,QH,9,11-600 CROWFOOT CR N W,CALGARY,"AB ",T3GG0B,CA,20-11-2024,05:00:00,04034559939,B001943645,,,,00006291150970282929,,CONSUMER GOODS,1,kg,0,cm,0,cm,0,cm,B001943645,,,,
"009"" - "":MSP260 MEDICINE SHOPPE #260",371583,QH,9,11-600 CROWFOOT CR N W,CALGARY,"AB ",T3GG0B,CA,20-11-2024,05:00:00,04034559939,B001943645,,,,00006291150970282936,,CONSUMER GOODS,1,kg,0,cm,0,cm,0,cm,B001943645,,,,
"009"" - "":MSP260 MEDICINE SHOPPE #260",371583,QH,9,11-600 CROWFOOT CR N W,CALGARY,"AB ",T3GG0B,CA,20-11-2024,05:00:00,04034559939,B001943645,,,,00006291150970282943,,CONSUMER GOODS,1,kg,0,cm,0,cm,0,cm,B001943645,,,,
"009"" - "":MSP260 MEDICINE SHOPPE #260",371583,QH,9,11-600 CROWFOOT CR N W,CALGARY,"AB ",T3GG0B,CA,20-11-2024,05:00:00,04034559939,B001943645,,,,00006291150970282950,,CONSUMER GOODS,1,kg,0,cm,0,cm,0,cm,B001943645,,,,
"009"" - "":MSP260 MEDICINE SHOPPE #260",371583,QH,9,11-600 CROWFOOT CR N W,CALGARY,"AB ",T3GG0B,CA,20-11-2024,05:00:00,04034559939,B001943645,,,,00006291150970282981,,CONSUMER GOODS,1,kg,0,cm,0,cm,0,cm,B001943645,,,,
"009"" - "":MSP260 MEDICINE SHOPPE #260",371583,QH,9,11-600 CROWFOOT CR N W,CALGARY,"AB ",T3GG0B,CA,20-11-2024,05:00:00,04034559939,B001943645,,,,00006291150970425500,,CONSUMER GOODS,1,kg,0,cm,0,cm,0,cm,B001943645,,,,
"009"" - "":MSP260 MEDICINE SHOPPE #260",371583,QH,9,11-600 CROWFOOT CR N W,CALGARY,"AB ",T3GG0B,CA,20-11-2024,05:00:00,04034559939,B001943645,,,,00006291150970429287,,CONSUMER GOODS,1,kg,0,cm,0,cm,0,cm,B001943645,,,,
"009"" - "":MSP260 MEDICINE SHOPPE #260",371583,QH,9,11-600 CROWFOOT CR N W,CALGARY,"AB ",T3GG0B,CA,20-11-2024,05:00:00,04034559939,B001943645,,,,00006291150970429270,,CONSUMER GOODS,1,kg,0,cm,0,cm,0,cm,B001943645,,,,
"009"" - "":MSP260 MEDICINE SHOPPE #260",371583,QH,9,11-600 CROWFOOT CR N W,CALGARY,"AB ",T3GG0B,CA,20-11-2024,05:00:00,04034559939,B001943645,,,,00006291150970434601,,CONSUMER GOODS,1,kg,0,cm,0,cm,0,cm,B001943645,,,,
"009"" - "":MSP260 MEDICINE SHOPPE #260",371583,QH,9,11-600 CROWFOOT CR N W,CALGARY,"AB ",T3GG0B,CA,20-11-2024,05:00:00,04034559939,B001943645,,,,00006291150970439811,,CONSUMER GOODS,1,kg,0,cm,0,cm,0,cm,B001943645,,,,
"009"" - "":MSP260 MEDICINE SHOPPE #260",371583,QH,9,11-600 CROWFOOT CR N W,CALGARY,"AB ",T3GG0B,CA,20-11-2024,05:00:00,04034559939,B001943645,,,,00006291150970439804,,CONSUMER GOODS,1,kg,0,cm,0,cm,0,cm,B001943645,,,,
"009"" - "":MSP260 MEDICINE SHOPPE #260",371583,QH,9,11-600 CROWFOOT CR N W,CALGARY,"AB ",T3GG0B,CA,20-11-2024,05:00:00,04034559939,B001943645,,,,00006291150970443399,,CONSUMER GOODS,1,kg,0,cm,0,cm,0,cm,B001943645,,,,
"012"" - "":REXALL #7289 SUPER DRUG MART",357988,QH,12,2050-11300 TUSCANY BLVD N W,CALGARY,"AB ",T3LL2V,CA,20-11-2024,05:00:00,04032081704,B001943627,,,,00006291150970282240,,CONSUMER GOODS,1,kg,0,cm,0,cm,0,cm,,,,,
"006"" - "":CALGARY CO-OP #23 PHARM",436741,QH,6,410-163 QUARRY PK BLVD S,CALGARY,"AB ",T2CC5E,CA,20-11-2024,05:00:00,04032034838,B001943637,,,,00006291150970286026,,CONSUMER GOODS,1,kg,0,cm,0,cm,0,cm,B001943637,,,,
"006"" - "":CALGARY CO-OP #23 PHARM",436741,QH,6,410-163 QUARRY PK BLVD S,CALGARY,"AB ",T2CC5E,CA,20-11-2024,05:00:00,04032034838,B001943637,,,,00006291150970286033,,CONSUMER GOODS,1,kg,0,cm,0,cm,0,cm,B001943637,,,,
"006"" - "":CALGARY CO-OP #23 PHARM",436741,QH,6,410-163 QUARRY PK BLVD S,CALGARY,"AB ",T2CC5E,CA,20-11-2024,05:00:00,04032034838,B001943637,,,,00006291150970286040,,CONSUMER GOODS,1,kg,0,cm,0,cm,0,cm,B001943637,,,,
"006"" - "":CALGARY CO-OP #23 PHARM",436741,QH,6,410-163 QUARRY PK BLVD S,CALGARY,"AB ",T2CC5E,CA,20-11-2024,05:00:00,04032034838,B001943637,,,,00006291150970286057,,CONSUMER GOODS,1,kg,0,cm,0,cm,0,cm,B001943637,,,,
"006"" - "":CALGARY CO-OP #23 PHARM",436741,QH,6,410-163 QUARRY PK BLVD S,CALGARY,"AB ",T2CC5E,CA,20-11-2024,05:00:00,04032034838,B001943637,,,,00006291150970286064,,CONSUMER GOODS,1,kg,0,cm,0,cm,0,cm,B001943637,,,,
"006"" - "":CALGARY CO-OP #23 PHARM",436741,QH,6,410-163 QUARRY PK BLVD S,CALGARY,"AB ",T2CC5E,CA,20-11-2024,05:00:00,04032034838,B001943637,,,,00006291150970286071,,CONSUMER GOODS,1,kg,0,cm,0,cm,0,cm,B001943637,,,,
"006"" - "":CALGARY CO-OP #23 PHARM",436741,QH,6,410-163 QUARRY PK BLVD S,CALGARY,"AB ",T2CC5E,CA,20-11-2024,05:00:00,04032034838,B001943637,,,,00006291150970286088,,CONSUMER GOODS,1,kg,0,cm,0,cm,0,cm,B001943637,,,,
"006"" - "":CALGARY CO-OP #23 PHARM",436741,QH,6,410-163 QUARRY PK BLVD S,CALGARY,"AB ",T2CC5E,CA,20-11-2024,05:00:00,04032034838,B001943637,,,,00006291150970286095,,CONSUMER GOODS,1,kg,0,cm,0,cm,0,cm,B001943637,,,,
"006"" - "":CALGARY CO-OP #23 PHARM",436741,QH,6,410-163 QUARRY PK BLVD S,CALGARY,"AB ",T2CC5E,CA,20-11-2024,05:00:00,04032034838,B001943637,,,,00006291150970286101,,CONSUMER GOODS,1,kg,0,cm,0,cm,0,cm,B001943637,,,,
"006"" - "":CALGARY CO-OP #23 PHARM",436741,QH,6,410-163 QUARRY PK BLVD S,CALGARY,"AB ",T2CC5E,CA,20-11-2024,05:00:00,04032034838,B001943637,,,,00006291150970286118,,CONSUMER GOODS,1,kg,0,cm,0,cm,0,cm,B001943637,,,,
"006"" - "":CALGARY CO-OP #23 PHARM",436741,QH,6,410-163 QUARRY PK BLVD S,CALGARY,"AB ",T2CC5E,CA,20-11-2024,05:00:00,04032034838,B001943637,,,,00006291150970439866,,CONSUMER GOODS,1,kg,0,cm,0,cm,0,cm,B001943637,,,,
"017"" - "":PC8072 WHITEHORN PHCY",513614,QH,17,3 - 135 WHITEFIELD DR N E,CALGARY,"AB ",T1YY5X,CA,20-11-2024,05:00:00,04035680095,,,,,00006291150970284145,,CONSUMER GOODS,1,kg,0,cm,0,cm,0,cm,,,,,
"017"" - "":PC8072 WHITEHORN PHCY",513614,QH,17,3 - 135 WHITEFIELD DR N E,CALGARY,"AB ",T1YY5X,CA,20-11-2024,05:00:00,04035680095,,,,,00006291150970429157,,CONSUMER GOODS,1,kg,0,cm,0,cm,0,cm,B001943631,,,,
"017"" - "":PC8072 WHITEHORN PHCY",513614,QH,17,3 - 135 WHITEFIELD DR N E,CALGARY,"AB ",T1YY5X,CA,20-11-2024,05:00:00,04035680095,,,,,00006291150970439644,,CONSUMER GOODS,1,kg,0,cm,0,cm,0,cm,B001943631,,,,
"013"" - "":SAVE ON FOODS PHARMACY #6604",530824,QH,13,225 PANTELLA HILL N W,CALGARY,"AB ",T3KK0Y,CA,20-11-2024,05:00:00,04033849792,B001943626,,,,00006291150970281625,,CONSUMER GOODS,1,kg,0,cm,0,cm,0,cm,B001943626,,,,
"013"" - "":SAVE ON FOODS PHARMACY #6604",530824,QH,13,225 PANTELLA HILL N W,CALGARY,"AB ",T3KK0Y,CA,20-11-2024,05:00:00,04033849792,B001943626,,,,00006291150970281632,,CONSUMER GOODS,1,kg,0,cm,0,cm,0,cm,B001943626,,,,
"013"" - "":SAVE ON FOODS PHARMACY #6604",530824,QH,13,225 PANTELLA HILL N W,CALGARY,"AB ",T3KK0Y,CA,20-11-2024,05:00:00,04033849792,B001943626,,,,00006291150970281649,,CONSUMER GOODS,1,kg,0,cm,0,cm,0,cm,B001943626,,,,
"013"" - "":SAVE ON FOODS PHARMACY #6604",530824,QH,13,225 PANTELLA HILL N W,CALGARY,"AB ",T3KK0Y,CA,20-11-2024,05:00:00,04033849792,B001943626,,,,00006291150970281656,,CONSUMER GOODS,1,kg,0,cm,0,cm,0,cm,B001943626,,,,
"013"" - "":SAVE ON FOODS PHARMACY #6604",530824,QH,13,225 PANTELLA HILL N W,CALGARY,"AB ",T3KK0Y,CA,20-11-2024,05:00:00,04033849792,B001943626,,,,00006291150970281663,,CONSUMER GOODS,1,kg,0,cm,0,cm,0,cm,B001943626,,,,
"013"" - "":SAVE ON FOODS PHARMACY #6604",530824,QH,13,225 PANTELLA HILL N W,CALGARY,"AB ",T3KK0Y,CA,20-11-2024,05:00:00,04033849792,B001943626,,,,00006291150970281670,,CONSUMER GOODS,1,kg,0,cm,0,cm,0,cm,B001943626,,,,
"013"" - "":SAVE ON FOODS PHARMACY #6604",530824,QH,13,225 PANTELLA HILL N W,CALGARY,"AB ",T3KK0Y,CA,20-11-2024,05:00:00,04033849792,B001943626,,,,00006291150970281687,,CONSUMER GOODS,1,kg,0,cm,0,cm,0,cm,B001943626,,,,
"013"" - "":SAVE ON FOODS PHARMACY #6604",530824,QH,13,225 PANTELLA HILL N W,CALGARY,"AB ",T3KK0Y,CA,20-11-2024,05:00:00,04033849792,B001943626,,,,00006291150970281694,,CONSUMER GOODS,1,kg,0,cm,0,cm,0,cm,B001943626,,,,
"013"" - "":SAVE ON FOODS PHARMACY #6604",530824,QH,13,225 PANTELLA HILL N W,CALGARY,"AB ",T3KK0Y,CA,20-11-2024,05:00:00,04033849792,B001943626,,,,00006291150970281700,,CONSUMER GOODS,1,kg,0,cm,0,cm,0,cm,B001943626,,,,
"013"" - "":SAVE ON FOODS PHARMACY #6604",530824,QH,13,225 PANTELLA HILL N W,CALGARY,"AB ",T3KK0Y,CA,20-11-2024,05:00:00,04033849792,B001943626,,,,00006291150970281717,,CONSUMER GOODS,1,kg,0,cm,0,cm,0,cm,B001943626,,,,
"013"" - "":SAVE ON FOODS PHARMACY #6604",530824,QH,13,225 PANTELLA HILL N W,CALGARY,"AB ",T3KK0Y,CA,20-11-2024,05:00:00,04033849792,B001943626,,,,00006291150970281724,,CONSUMER GOODS,1,kg,0,cm,0,cm,0,cm,B001943626,,,,
"013"" - "":SAVE ON FOODS PHARMACY #6604",530824,QH,13,225 PANTELLA HILL N W,CALGARY,"AB ",T3KK0Y,CA,20-11-2024,05:00:00,04033849792,B001943626,,,,00006291150970281731,,CONSUMER GOODS,1,kg,0,cm,0,cm,0,cm,B001943626,,,,
"013"" - "":SAVE ON FOODS PHARMACY #6604",530824,QH,13,225 PANTELLA HILL N W,CALGARY,"AB ",T3KK0Y,CA,20-11-2024,05:00:00,04033849792,B001943626,,,,00006291150970281748,,CONSUMER GOODS,1,kg,0,cm,0,cm,0,cm,B001943626,,,,
"013"" - "":SAVE ON FOODS PHARMACY #6604",530824,QH,13,225 PANTELLA HILL N W,CALGARY,"AB ",T3KK0Y,CA,20-11-2024,05:00:00,04033849792,B001943626,,,,00006291150970281755,,CONSUMER GOODS,1,kg,0,cm,0,cm,0,cm,B001943626,,,,
"013"" - "":SAVE ON FOODS PHARMACY #6604",530824,QH,13,225 PANTELLA HILL N W,CALGARY,"AB ",T3KK0Y,CA,20-11-2024,05:00:00,04033849792,B001943626,,,,00006291150970281762,,CONSUMER GOODS,1,kg,0,cm,0,cm,0,cm,B001943626,,,,
"013"" - "":SAVE ON FOODS PHARMACY #6604",530824,QH,13,225 PANTELLA HILL N W,CALGARY,"AB ",T3KK0Y,CA,20-11-2024,05:00:00,04033849792,B001943626,,,,00006291150970281779,,CONSUMER GOODS,1,kg,0,cm,0,cm,0,cm,B001943626,,,,
"013"" - "":SAVE ON FOODS PHARMACY #6604",530824,QH,13,225 PANTELLA HILL N W,CALGARY,"AB ",T3KK0Y,CA,20-11-2024,05:00:00,04033849792,B001943626,,,,00006291150970281786,,CONSUMER GOODS,1,kg,0,cm,0,cm,0,cm,B001943626,,,,
"013"" - "":SAVE ON FOODS PHARMACY #6604",530824,QH,13,225 PANTELLA HILL N W,CALGARY,"AB ",T3KK0Y,CA,20-11-2024,05:00:00,04033849792,B001943626,,,,00006291150970281793,,CONSUMER GOODS,1,kg,0,cm,0,cm,0,cm,B001943626,,,,
"013"" - "":SAVE ON FOODS PHARMACY #6604",530824,QH,13,225 PANTELLA HILL N W,CALGARY,"AB ",T3KK0Y,CA,20-11-2024,05:00:00,04033849792,B001943626,,,,00006291150970281809,,CONSUMER GOODS,1,kg,0,cm,0,cm,0,cm,B001943626,,,,
"013"" - "":SAVE ON FOODS PHARMACY #6604",530824,QH,13,225 PANTELLA HILL N W,CALGARY,"AB ",T3KK0Y,CA,20-11-2024,05:00:00,04033849792,B001943626,,,,00006291150970281816,,CONSUMER GOODS,1,kg,0,cm,0,cm,0,cm,B001943626,,,,
"013"" - "":SAVE ON FOODS PHARMACY #6604",530824,QH,13,225 PANTELLA HILL N W,CALGARY,"AB ",T3KK0Y,CA,20-11-2024,05:00:00,04033849792,B001943626,,,,00006291150970281823,,CONSUMER GOODS,1,kg,0,cm,0,cm,0,cm,B001943626,,,,
"013"" - "":SAVE ON FOODS PHARMACY #6604",530824,QH,13,225 PANTELLA HILL N W,CALGARY,"AB ",T3KK0Y,CA,20-11-2024,05:00:00,04033849792,B001943626,,,,00006291150970281830,,CONSUMER GOODS,1,kg,0,cm,0,cm,0,cm,B001943626,,,,
"013"" - "":SAVE ON FOODS PHARMACY #6604",530824,QH,13,225 PANTELLA HILL N W,CALGARY,"AB ",T3KK0Y,CA,20-11-2024,05:00:00,04033849792,B001943626,,,,00006291150970281847,,CONSUMER GOODS,1,kg,0,cm,0,cm,0,cm,B001943626,,,,
"013"" - "":SAVE ON FOODS PHARMACY #6604",530824,QH,13,225 PANTELLA HILL N W,CALGARY,"AB ",T3KK0Y,CA,20-11-2024,05:00:00,04033849792,B001943626,,,,00006291150970281854,,CONSUMER GOODS,1,kg,0,cm,0,cm,0,cm,B001943626,,,,
"013"" - "":SAVE ON FOODS PHARMACY #6604",530824,QH,13,225 PANTELLA HILL N W,CALGARY,"AB ",T3KK0Y,CA,20-11-2024,05:00:00,04033849792,B001943626,,,,00006291150970281861,,CONSUMER GOODS,1,kg,0,cm,0,cm,0,cm,B001943626,,,,
"013"" - "":SAVE ON FOODS PHARMACY #6604",530824,QH,13,225 PANTELLA HILL N W,CALGARY,"AB ",T3KK0Y,CA,20-11-2024,05:00:00,04033849792,B001943626,,,,00006291150970281878,,CONSUMER GOODS,1,kg,0,cm,0,cm,0,cm,B001943626,,,,
"013"" - "":SAVE ON FOODS PHARMACY #6604",530824,QH,13,225 PANTELLA HILL N W,CALGARY,"AB ",T3KK0Y,CA,20-11-2024,05:00:00,04033849792,B001943626,,,,00006291150970281885,,CONSUMER GOODS,1,kg,0,cm,0,cm,0,cm,B001943626,,,,
"013"" - "":SAVE ON FOODS PHARMACY #6604",530824,QH,13,225 PANTELLA HILL N W,CALGARY,"AB ",T3KK0Y,CA,20-11-2024,05:00:00,04033849792,B001943626,,,,00006291150970281892,,CONSUMER GOODS,1,kg,0,cm,0,cm,0,cm,B001943626,,,,
"013"" - "":SAVE ON FOODS PHARMACY #6604",530824,QH,13,225 PANTELLA HILL N W,CALGARY,"AB ",T3KK0Y,CA,20-11-2024,05:00:00,04033849792,B001943626,,,,00006291150970281908,,CONSUMER GOODS,1,kg,0,cm,0,cm,0,cm,B001943626,,,,
"013"" - "":SAVE ON FOODS PHARMACY #6604",530824,QH,13,225 PANTELLA HILL N W,CALGARY,"AB ",T3KK0Y,CA,20-11-2024,05:00:00,04033849792,B001943626,,,,00006291150970281915,,CONSUMER GOODS,1,kg,0,cm,0,cm,0,cm,B001943626,,,,
"024"" - "":PC8121 SAGE PLUS CLINICAL PHCY",575985,QH,24,860 13TH ST S E,CALGARY,"AB ",T2GG1R,CA,20-11-2024,05:00:00,05874800178,B001943633,,,,00006291150970287313,,CONSUMER GOODS,1,kg,0,cm,0,cm,0,cm,B001943633,,,,
"024"" - "":PC8121 SAGE PLUS CLINICAL PHCY",575985,QH,24,860 13TH ST S E,CALGARY,"AB ",T2GG1R,CA,20-11-2024,05:00:00,05874800178,B001943633,,,,00006291150970425265,,CONSUMER GOODS,1,kg,0,cm,0,cm,0,cm,B001943633,,,,
"024"" - "":PC8121 SAGE PLUS CLINICAL PHCY",575985,QH,24,860 13TH ST S E,CALGARY,"AB ",T2GG1R,CA,20-11-2024,05:00:00,05874800178,B001943633,,,,00006291150970429058,,CONSUMER GOODS,1,kg,0,cm,0,cm,0,cm,B001943633,,,,
"024"" - "":PC8121 SAGE PLUS CLINICAL PHCY",575985,QH,24,860 13TH ST S E,CALGARY,"AB ",T2GG1R,CA,20-11-2024,05:00:00,05874800178,B001943633,,,,00006291150970430115,,CONSUMER GOODS,1,kg,0,cm,0,cm,0,cm,B001943633,,,,
"024"" - "":PC8121 SAGE PLUS CLINICAL PHCY",575985,QH,24,860 13TH ST S E,CALGARY,"AB ",T2GG1R,CA,20-11-2024,05:00:00,05874800178,B001943633,,,,00006291150970439545,,CONSUMER GOODS,1,kg,0,cm,0,cm,0,cm,B001943633,,,,
"018"" - "":PC8128 CORNER DRUGSTORE",581637,QH,18,602 8TH AVE S E,CALGARY,"AB ",T2GG0M,CA,20-11-2024,05:00:00,04032634620,B001943647,,,,00006291150970286798,,CONSUMER GOODS,1,kg,0,cm,0,cm,0,cm,B001943647,,,,
"018"" - "":PC8128 CORNER DRUGSTORE",581637,QH,18,602 8TH AVE S E,CALGARY,"AB ",T2GG0M,CA,20-11-2024,05:00:00,04032634620,B001943647,,,,00006291150970286873,,CONSUMER GOODS,1,kg,0,cm,0,cm,0,cm,B001943647,,,,
"018"" - "":PC8128 CORNER DRUGSTORE",581637,QH,18,602 8TH AVE S E,CALGARY,"AB ",T2GG0M,CA,20-11-2024,05:00:00,04032634620,B001943647,,,,00006291150970286965,,CONSUMER GOODS,1,kg,0,cm,0,cm,0,cm,B001943647,,,,
"018"" - "":PC8128 CORNER DRUGSTORE",581637,QH,18,602 8TH AVE S E,CALGARY,"AB ",T2GG0M,CA,20-11-2024,05:00:00,04032634620,B001943647,,,,00006291150970286996,,CONSUMER GOODS,1,kg,0,cm,0,cm,0,cm,B001943647,,,,
"018"" - "":PC8128 CORNER DRUGSTORE",581637,QH,18,602 8TH AVE S E,CALGARY,"AB ",T2GG0M,CA,20-11-2024,05:00:00,04032634620,B001943647,,,,00006291150970287009,,CONSUMER GOODS,1,kg,0,cm,0,cm,0,cm,B001943647,,,,
"018"" - "":PC8128 CORNER DRUGSTORE",581637,QH,18,602 8TH AVE S E,CALGARY,"AB ",T2GG0M,CA,20-11-2024,05:00:00,04032634620,B001943647,,,,00006291150970287016,,CONSUMER GOODS,1,kg,0,cm,0,cm,0,cm,B001943647,,,,
"018"" - "":PC8128 CORNER DRUGSTORE",581637,QH,18,602 8TH AVE S E,CALGARY,"AB ",T2GG0M,CA,20-11-2024,05:00:00,04032634620,B001943647,,,,00006291150970287023,,CONSUMER GOODS,1,kg,0,cm,0,cm,0,cm,B001943647,,,,
"018"" - "":PC8128 CORNER DRUGSTORE",581637,QH,18,602 8TH AVE S E,CALGARY,"AB ",T2GG0M,CA,20-11-2024,05:00:00,04032634620,B001943647,,,,00006291150970287030,,CONSUMER GOODS,1,kg,0,cm,0,cm,0,cm,B001943647,,,,
"018"" - "":PC8128 CORNER DRUGSTORE",581637,QH,18,602 8TH AVE S E,CALGARY,"AB ",T2GG0M,CA,20-11-2024,05:00:00,04032634620,B001943647,,,,00006291150970287054,,CONSUMER GOODS,1,kg,0,cm,0,cm,0,cm,B001943647,,,,
"018"" - "":PC8128 CORNER DRUGSTORE",581637,QH,18,602 8TH AVE S E,CALGARY,"AB ",T2GG0M,CA,20-11-2024,05:00:00,04032634620,B001943647,,,,00006291150970287092,,CONSUMER GOODS,1,kg,0,cm,0,cm,0,cm,B001943647,,,,
"018"" - "":PC8128 CORNER DRUGSTORE",581637,QH,18,602 8TH AVE S E,CALGARY,"AB ",T2GG0M,CA,20-11-2024,05:00:00,04032634620,B001943647,,,,00006291150970287108,,CONSUMER GOODS,1,kg,0,cm,0,cm,0,cm,B001943647,,,,
"018"" - "":PC8128 CORNER DRUGSTORE",581637,QH,18,602 8TH AVE S E,CALGARY,"AB ",T2GG0M,CA,20-11-2024,05:00:00,04032634620,B001943647,,,,00006291150970287115,,CONSUMER GOODS,1,kg,0,cm,0,cm,0,cm,B001943647,,,,
"018"" - "":PC8128 CORNER DRUGSTORE",581637,QH,18,602 8TH AVE S E,CALGARY,"AB ",T2GG0M,CA,20-11-2024,05:00:00,04032634620,B001943647,,,,00006291150970287122,,CONSUMER GOODS,1,kg,0,cm,0,cm,0,cm,B001943647,,,,
"018"" - "":PC8128 CORNER DRUGSTORE",581637,QH,18,602 8TH AVE S E,CALGARY,"AB ",T2GG0M,CA,20-11-2024,05:00:00,04032634620,B001943647,,,,00006291150970287177,,CONSUMER GOODS,1,kg,0,cm,0,cm,0,cm,B001943647,,,,
"018"" - "":PC8128 CORNER DRUGSTORE",581637,QH,18,602 8TH AVE S E,CALGARY,"AB ",T2GG0M,CA,20-11-2024,05:00:00,04032634620,B001943647,,,,00006291150970287184,,CONSUMER GOODS,1,kg,0,cm,0,cm,0,cm,B001943647,,,,
"018"" - "":PC8128 CORNER DRUGSTORE",581637,QH,18,602 8TH AVE S E,CALGARY,"AB ",T2GG0M,CA,20-11-2024,05:00:00,04032634620,B001943647,,,,00006291150970287214,,CONSUMER GOODS,1,kg,0,cm,0,cm,0,cm,B001943647,,,,
"018"" - "":PC8128 CORNER DRUGSTORE",581637,QH,18,602 8TH AVE S E,CALGARY,"AB ",T2GG0M,CA,20-11-2024,05:00:00,04032634620,B001943647,,,,00006291150970287245,,CONSUMER GOODS,1,kg,0,cm,0,cm,0,cm,B001943647,,,,
"018"" - "":PC8128 CORNER DRUGSTORE",581637,QH,18,602 8TH AVE S E,CALGARY,"AB ",T2GG0M,CA,20-11-2024,05:00:00,04032634620,B001943647,,,,00006291150970287276,,CONSUMER GOODS,1,kg,0,cm,0,cm,0,cm,B001943647,,,,
"018"" - "":PC8128 CORNER DRUGSTORE",581637,QH,18,602 8TH AVE S E,CALGARY,"AB ",T2GG0M,CA,20-11-2024,05:00:00,04032634620,B001943647,,,,00006291150970425371,,CONSUMER GOODS,1,kg,0,cm,0,cm,0,cm,B001943647,,,,
"018"" - "":PC8128 CORNER DRUGSTORE",581637,QH,18,602 8TH AVE S E,CALGARY,"AB ",T2GG0M,CA,20-11-2024,05:00:00,04032634620,B001943647,,,,00006291150970425364,,CONSUMER GOODS,1,kg,0,cm,0,cm,0,cm,B001943647,,,,
"018"" - "":PC8128 CORNER DRUGSTORE",581637,QH,18,602 8TH AVE S E,CALGARY,"AB ",T2GG0M,CA,20-11-2024,05:00:00,04032634620,B001943647,,,,00006291150970429126,,CONSUMER GOODS,1,kg,0,cm,0,cm,0,cm,B001943647,,,,
"018"" - "":PC8128 CORNER DRUGSTORE",581637,QH,18,602 8TH AVE S E,CALGARY,"AB ",T2GG0M,CA,20-11-2024,05:00:00,04032634620,B001943647,,,,00006291150970434564,,CONSUMER GOODS,1,kg,0,cm,0,cm,0,cm,B001943647,,,,
"018"" - "":PC8128 CORNER DRUGSTORE",581637,QH,18,602 8TH AVE S E,CALGARY,"AB ",T2GG0M,CA,20-11-2024,05:00:00,04032634620,B001943647,,,,00006291150970439637,,CONSUMER GOODS,1,kg,0,cm,0,cm,0,cm,B001943647,,,,
"018"" - "":PC8128 CORNER DRUGSTORE",581637,QH,18,602 8TH AVE S E,CALGARY,"AB ",T2GG0M,CA,20-11-2024,05:00:00,04032634620,B001943647,,,,00006291150970443375,,CONSUMER GOODS,1,kg,0,cm,0,cm,0,cm,B001943647,,,,
"017"" - "":PC8072 WHITEHORN PHCY",513614,QH,17,3 - 135 WHITEFIELD DR N E,CALGARY,"AB ",T1YY5X,CA,20-11-2024,05:00:00,04035680095,,,,,00006291150970283667,,CONSUMER GOODS,1,kg,0,cm,0,cm,0,cm,B001943631,,,,
"017"" - "":PC8072 WHITEHORN PHCY",513614,QH,17,3 - 135 WHITEFIELD DR N E,CALGARY,"AB ",T1YY5X,CA,20-11-2024,05:00:00,04035680095,,,,,00006291150970283674,,CONSUMER GOODS,1,kg,0,cm,0,cm,0,cm,B001943631,,,,
"017"" - "":PC8072 WHITEHORN PHCY",513614,QH,17,3 - 135 WHITEFIELD DR N E,CALGARY,"AB ",T1YY5X,CA,20-11-2024,05:00:00,04035680095,,,,,00006291150970283681,,CONSUMER GOODS,1,kg,0,cm,0,cm,0,cm,B001943631,,,,
"017"" - "":PC8072 WHITEHORN PHCY",513614,QH,17,3 - 135 WHITEFIELD DR N E,CALGARY,"AB ",T1YY5X,CA,20-11-2024,05:00:00,04035680095,,,,,00006291150970283698,,CONSUMER GOODS,1,kg,0,cm,0,cm,0,cm,B001943631,,,,
"017"" - "":PC8072 WHITEHORN PHCY",513614,QH,17,3 - 135 WHITEFIELD DR N E,CALGARY,"AB ",T1YY5X,CA,20-11-2024,05:00:00,04035680095,,,,,00006291150970425395,,CONSUMER GOODS,1,kg,0,cm,0,cm,0,cm,B001943631,,,,
"017"" - "":PC8072 WHITEHORN PHCY",513614,QH,17,3 - 135 WHITEFIELD DR N E,CALGARY,"AB ",T1YY5X,CA,20-11-2024,05:00:00,04035680095,,,,,00006291150970425388,,CONSUMER GOODS,1,kg,0,cm,0,cm,0,cm,B001943631,,,,
"017"" - "":PC8072 WHITEHORN PHCY",513614,QH,17,3 - 135 WHITEFIELD DR N E,CALGARY,"AB ",T1YY5X,CA,20-11-2024,05:00:00,04035680095,,,,,00006291150970429140,,CONSUMER GOODS,1,kg,0,cm,0,cm,0,cm,B001943631,,,,
"017"" - "":PC8072 WHITEHORN PHCY",513614,QH,17,3 - 135 WHITEFIELD DR N E,CALGARY,"AB ",T1YY5X,CA,20-11-2024,05:00:00,04035680095,,,,,00006291150970429133,,CONSUMER GOODS,1,kg,0,cm,0,cm,0,cm,B001943631,,,,
"017"" - "":PC8072 WHITEHORN PHCY",513614,QH,17,3 - 135 WHITEFIELD DR N E,CALGARY,"AB ",T1YY5X,CA,20-11-2024,05:00:00,04035680095,,,,,00006291150970430153,,CONSUMER GOODS,1,kg,0,cm,0,cm,0,cm,B001943631,,,,
"017"" - "":PC8072 WHITEHORN PHCY",513614,QH,17,3 - 135 WHITEFIELD DR N E,CALGARY,"AB ",T1YY5X,CA,20-11-2024,05:00:00,04035680095,,,,,00006291150970434571,,CONSUMER GOODS,1,kg,0,cm,0,cm,0,cm,B001943631,,,,
"017"" - "":PC8072 WHITEHORN PHCY",513614,QH,17,3 - 135 WHITEFIELD DR N E,CALGARY,"AB ",T1YY5X,CA,20-11-2024,05:00:00,04035680095,,,,,00006291150970439651,,CONSUMER GOODS,1,kg,0,cm,0,cm,0,cm,B001943631,,,,
"015"" - "":MERIT PHARMACY",634246,QH,15,11458 BRAESIDE DR S W,CALGARY,"AB ",T2WW4X,CA,20-11-2024,05:00:00,04032550049,B001943629,,,,00006291150970285319,,CONSUMER GOODS,1,kg,0,cm,0,cm,0,cm,B001943629,,,,
"015"" - "":MERIT PHARMACY",634246,QH,15,11458 BRAESIDE DR S W,CALGARY,"AB ",T2WW4X,CA,20-11-2024,05:00:00,04032550049,B001943629,,,,00006291150970285326,,CONSUMER GOODS,1,kg,0,cm,0,cm,0,cm,B001943629,,,,
"015"" - "":MERIT PHARMACY",634246,QH,15,11458 BRAESIDE DR S W,CALGARY,"AB ",T2WW4X,CA,20-11-2024,05:00:00,04032550049,B001943629,,,,00006291150970285333,,CONSUMER GOODS,1,kg,0,cm,0,cm,0,cm,B001943629,,,,
"015"" - "":MERIT PHARMACY",634246,QH,15,11458 BRAESIDE DR S W,CALGARY,"AB ",T2WW4X,CA,20-11-2024,05:00:00,04032550049,B001943629,,,,00006291150970285340,,CONSUMER GOODS,1,kg,0,cm,0,cm,0,cm,B001943629,,,,
"015"" - "":MERIT PHARMACY",634246,QH,15,11458 BRAESIDE DR S W,CALGARY,"AB ",T2WW4X,CA,20-11-2024,05:00:00,04032550049,B001943629,,,,00006291150970285685,,CONSUMER GOODS,1,kg,0,cm,0,cm,0,cm,B001943629,,,,
"015"" - "":MERIT PHARMACY",634246,QH,15,11458 BRAESIDE DR S W,CALGARY,"AB ",T2WW4X,CA,20-11-2024,05:00:00,04032550049,B001943629,,,,00006291150970285715,,CONSUMER GOODS,1,kg,0,cm,0,cm,0,cm,B001943629,,,,
"015"" - "":MERIT PHARMACY",634246,QH,15,11458 BRAESIDE DR S W,CALGARY,"AB ",T2WW4X,CA,20-11-2024,05:00:00,04032550049,B001943629,,,,00006291150970285722,,CONSUMER GOODS,1,kg,0,cm,0,cm,0,cm,B001943629,,,,
"015"" - "":MERIT PHARMACY",634246,QH,15,11458 BRAESIDE DR S W,CALGARY,"AB ",T2WW4X,CA,20-11-2024,05:00:00,04032550049,B001943629,,,,00006291150970285739,,CONSUMER GOODS,1,kg,0,cm,0,cm,0,cm,B001943629,,,,
"015"" - "":MERIT PHARMACY",634246,QH,15,11458 BRAESIDE DR S W,CALGARY,"AB ",T2WW4X,CA,20-11-2024,05:00:00,04032550049,B001943629,,,,00006291150970285753,,CONSUMER GOODS,1,kg,0,cm,0,cm,0,cm,B001943629,,,,
"015"" - "":MERIT PHARMACY",634246,QH,15,11458 BRAESIDE DR S W,CALGARY,"AB ",T2WW4X,CA,20-11-2024,05:00:00,04032550049,B001943629,,,,00006291150970285852,,CONSUMER GOODS,1,kg,0,cm,0,cm,0,cm,B001943629,,,,
"015"" - "":MERIT PHARMACY",634246,QH,15,11458 BRAESIDE DR S W,CALGARY,"AB ",T2WW4X,CA,20-11-2024,05:00:00,04032550049,B001943629,,,,00006291150970425401,,CONSUMER GOODS,1,kg,0,cm,0,cm,0,cm,B001943629,,,,
"015"" - "":MERIT PHARMACY",634246,QH,15,11458 BRAESIDE DR S W,CALGARY,"AB ",T2WW4X,CA,20-11-2024,05:00:00,04032550049,B001943629,,,,00006291150970429188,,CONSUMER GOODS,1,kg,0,cm,0,cm,0,cm,B001943629,,,,
"015"" - "":MERIT PHARMACY",634246,QH,15,11458 BRAESIDE DR S W,CALGARY,"AB ",T2WW4X,CA,20-11-2024,05:00:00,04032550049,B001943629,,,,00006291150970434588,,CONSUMER GOODS,1,kg,0,cm,0,cm,0,cm,B001943629,,,,
"015"" - "":MERIT PHARMACY",634246,QH,15,11458 BRAESIDE DR S W,CALGARY,"AB ",T2WW4X,CA,20-11-2024,05:00:00,04032550049,B001943629,,,,00006291150970439675,,CONSUMER GOODS,1,kg,0,cm,0,cm,0,cm,B001943629,,,,
"008"" - "":PC8013 CAMBRIAN PHCY 1996",356360,QH,8,9-728 NORTHMONT DR N W,CALGARY,"AB ",T2KK3K,CA,20-11-2024,05:00:00,04032899181,B001943642,,,,00006291150970283063,,CONSUMER GOODS,1,kg,0,cm,0,cm,0,cm,,,,,
"008"" - "":PC8013 CAMBRIAN PHCY 1996",356360,QH,8,9-728 NORTHMONT DR N W,CALGARY,"AB ",T2KK3K,CA,20-11-2024,05:00:00,04032899181,B001943642,,,,00006291150970283070,,CONSUMER GOODS,1,kg,0,cm,0,cm,0,cm,,,,,
"008"" - "":PC8013 CAMBRIAN PHCY 1996",356360,QH,8,9-728 NORTHMONT DR N W,CALGARY,"AB ",T2KK3K,CA,20-11-2024,05:00:00,04032899181,B001943642,,,,00006291150970283087,,CONSUMER GOODS,1,kg,0,cm,0,cm,0,cm,,,,,
"008"" - "":PC8013 CAMBRIAN PHCY 1996",356360,QH,8,9-728 NORTHMONT DR N W,CALGARY,"AB ",T2KK3K,CA,20-11-2024,05:00:00,04032899181,B001943642,,,,00006291150970283094,,CONSUMER GOODS,1,kg,0,cm,0,cm,0,cm,,,,,
"008"" - "":PC8013 CAMBRIAN PHCY 1996",356360,QH,8,9-728 NORTHMONT DR N W,CALGARY,"AB ",T2KK3K,CA,20-11-2024,05:00:00,04032899181,B001943642,,,,00006291150970283100,,CONSUMER GOODS,1,kg,0,cm,0,cm,0,cm,,,,,
"008"" - "":PC8013 CAMBRIAN PHCY 1996",356360,QH,8,9-728 NORTHMONT DR N W,CALGARY,"AB ",T2KK3K,CA,20-11-2024,05:00:00,04032899181,B001943642,,,,00006291150970283117,,CONSUMER GOODS,1,kg,0,cm,0,cm,0,cm,,,,,
"008"" - "":PC8013 CAMBRIAN PHCY 1996",356360,QH,8,9-728 NORTHMONT DR N W,CALGARY,"AB ",T2KK3K,CA,20-11-2024,05:00:00,04032899181,B001943642,,,,00006291150970283124,,CONSUMER GOODS,1,kg,0,cm,0,cm,0,cm,,,,,
"008"" - "":PC8013 CAMBRIAN PHCY 1996",356360,QH,8,9-728 NORTHMONT DR N W,CALGARY,"AB ",T2KK3K,CA,20-11-2024,05:00:00,04032899181,B001943642,,,,00006291150970283483,,CONSUMER GOODS,1,kg,0,cm,0,cm,0,cm,,,,,
"008"" - "":PC8013 CAMBRIAN PHCY 1996",356360,QH,8,9-728 NORTHMONT DR N W,CALGARY,"AB ",T2KK3K,CA,20-11-2024,05:00:00,04032899181,B001943642,,,,00006291150970425524,,CONSUMER GOODS,1,kg,0,cm,0,cm,0,cm,B001943642,,,,
"008"" - "":PC8013 CAMBRIAN PHCY 1996",356360,QH,8,9-728 NORTHMONT DR N W,CALGARY,"AB ",T2KK3K,CA,20-11-2024,05:00:00,04032899181,B001943642,,,,00006291150970425517,,CONSUMER GOODS,1,kg,0,cm,0,cm,0,cm,B001943642,,,,
"008"" - "":PC8013 CAMBRIAN PHCY 1996",356360,QH,8,9-728 NORTHMONT DR N W,CALGARY,"AB ",T2KK3K,CA,20-11-2024,05:00:00,04032899181,B001943642,,,,00006291150970429294,,CONSUMER GOODS,1,kg,0,cm,0,cm,0,cm,B001943642,,,,
"008"" - "":PC8013 CAMBRIAN PHCY 1996",356360,QH,8,9-728 NORTHMONT DR N W,CALGARY,"AB ",T2KK3K,CA,20-11-2024,05:00:00,04032899181,B001943642,,,,00006291150970430191,,CONSUMER GOODS,1,kg,0,cm,0,cm,0,cm,B001943642,,,,
"008"" - "":PC8013 CAMBRIAN PHCY 1996",356360,QH,8,9-728 NORTHMONT DR N W,CALGARY,"AB ",T2KK3K,CA,20-11-2024,05:00:00,04032899181,B001943642,,,,00006291150970439842,,CONSUMER GOODS,1,kg,0,cm,0,cm,0,cm,B001943642,,,,
"008"" - "":PC8013 CAMBRIAN PHCY 1996",356360,QH,8,9-728 NORTHMONT DR N W,CALGARY,"AB ",T2KK3K,CA,20-11-2024,05:00:00,04032899181,B001943642,,,,00006291150970439835,,CONSUMER GOODS,1,kg,0,cm,0,cm,0,cm,B001943642,,,,
"008"" - "":PC8013 CAMBRIAN PHCY 1996",356360,QH,8,9-728 NORTHMONT DR N W,CALGARY,"AB ",T2KK3K,CA,20-11-2024,05:00:00,04032899181,B001943642,,,,00006291150970443405,,CONSUMER GOODS,1,kg,0,cm,0,cm,0,cm,B001943642,,,,
"010"" - "":CALGARY CO-OP #15 PHARM",032672,QH,10,700-2220 68TH ST N E,CALGARY,"AB ",T1YY6Y,CA,20-11-2024,05:00:00,04032992606,B001943644,,,,00006291150970281359,,CONSUMER GOODS,1,kg,0,cm,0,cm,0,cm,,,,,
"010"" - "":CALGARY CO-OP #15 PHARM",032672,QH,10,700-2220 68TH ST N E,CALGARY,"AB ",T1YY6Y,CA,20-11-2024,05:00:00,04032992606,B001943644,,,,00006291150970281519,,CONSUMER GOODS,1,kg,0,cm,0,cm,0,cm,,,,,
"010"" - "":CALGARY CO-OP #15 PHARM",032672,QH,10,700-2220 68TH ST N E,CALGARY,"AB ",T1YY6Y,CA,20-11-2024,05:00:00,04032992606,B001943644,,,,00006291150970425494,,CONSUMER GOODS,1,kg,0,cm,0,cm,0,cm,B001943644,,,,
"010"" - "":CALGARY CO-OP #15 PHARM",032672,QH,10,700-2220 68TH ST N E,CALGARY,"AB ",T1YY6Y,CA,20-11-2024,05:00:00,04032992606,B001943644,,,,00006291150970430184,,CONSUMER GOODS,1,kg,0,cm,0,cm,0,cm,B001943644,,,,
"010"" - "":CALGARY CO-OP #15 PHARM",032672,QH,10,700-2220 68TH ST N E,CALGARY,"AB ",T1YY6Y,CA,20-11-2024,05:00:00,04032992606,B001943644,,,,00006291150970439774,,CONSUMER GOODS,1,kg,0,cm,0,cm,0,cm,B001943644,,,,
"010"" - "":CALGARY CO-OP #15 PHARM",032672,QH,10,700-2220 68TH ST N E,CALGARY,"AB ",T1YY6Y,CA,20-11-2024,05:00:00,04032992606,B001943644,,,,00006291150970439781,,CONSUMER GOODS,1,kg,0,cm,0,cm,0,cm,B001943644,,,,
"010"" - "":CALGARY CO-OP #15 PHARM",032672,QH,10,700-2220 68TH ST N E,CALGARY,"AB ",T1YY6Y,CA,20-11-2024,05:00:00,04032992606,B001943644,,,,00006291150970439798,,CONSUMER GOODS,1,kg,0,cm,0,cm,0,cm,B001943644,,,,
"007"" - "":CALGARY CO-OP #21 PHARM",332858,QH,7,917 85TH ST S W,CALGARY,"AB ",T3HH4C,CA,20-11-2024,05:00:00,04032994420,B001943643,,,,00006291150970425531,,CONSUMER GOODS,1,kg,0,cm,0,cm,0,cm,B001943643,,,,
"007"" - "":CALGARY CO-OP #21 PHARM",332858,QH,7,917 85TH ST S W,CALGARY,"AB ",T3HH4C,CA,20-11-2024,05:00:00,04032994420,B001943643,,,,00006291150970429300,,CONSUMER GOODS,1,kg,0,cm,0,cm,0,cm,B001943643,,,,
"007"" - "":CALGARY CO-OP #21 PHARM",332858,QH,7,917 85TH ST S W,CALGARY,"AB ",T3HH4C,CA,20-11-2024,05:00:00,04032994420,B001943643,,,,00006291150970439859,,CONSUMER GOODS,1,kg,0,cm,0,cm,0,cm,B001943643,,,,
"021"" - "":PS3021 SILVER SPRINGS PHCY RX",672709,QH,21,1-5720 SILVER SPRINGS BLVD N W,CALGARY,"AB ",T3BB4N,CA,20-11-2024,05:00:00,04034535251,B001943640,,,,00006291150970282790,,CONSUMER GOODS,1,kg,0,cm,0,cm,0,cm,B001943640,,,,
"021"" - "":PS3021 SILVER SPRINGS PHCY RX",672709,QH,21,1-5720 SILVER SPRINGS BLVD N W,CALGARY,"AB ",T3BB4N,CA,20-11-2024,05:00:00,04034535251,B001943640,,,,00006291150970282806,,CONSUMER GOODS,1,kg,0,cm,0,cm,0,cm,B001943640,,,,
"021"" - "":PS3021 SILVER SPRINGS PHCY RX",672709,QH,21,1-5720 SILVER SPRINGS BLVD N W,CALGARY,"AB ",T3BB4N,CA,20-11-2024,05:00:00,04034535251,B001943640,,,,00006291150970282967,,CONSUMER GOODS,1,kg,0,cm,0,cm,0,cm,B001943640,,,,
"021"" - "":PS3021 SILVER SPRINGS PHCY RX",672709,QH,21,1-5720 SILVER SPRINGS BLVD N W,CALGARY,"AB ",T3BB4N,CA,20-11-2024,05:00:00,04034535251,B001943640,,,,00006291150970425319,,CONSUMER GOODS,1,kg,0,cm,0,cm,0,cm,B001943640,,,,
"021"" - "":PS3021 SILVER SPRINGS PHCY RX",672709,QH,21,1-5720 SILVER SPRINGS BLVD N W,CALGARY,"AB ",T3BB4N,CA,20-11-2024,05:00:00,04034535251,B001943640,,,,00006291150970429096,,CONSUMER GOODS,1,kg,0,cm,0,cm,0,cm,B001943640,,,,
"021"" - "":PS3021 SILVER SPRINGS PHCY RX",672709,QH,21,1-5720 SILVER SPRINGS BLVD N W,CALGARY,"AB ",T3BB4N,CA,20-11-2024,05:00:00,04034535251,B001943640,,,,00006291150970439590,,CONSUMER GOODS,1,kg,0,cm,0,cm,0,cm,B001943640,,,,
"021"" - "":PS3021 SILVER SPRINGS PHCY RX",672709,QH,21,1-5720 SILVER SPRINGS BLVD N W,CALGARY,"AB ",T3BB4N,CA,20-11-2024,05:00:00,04034535251,B001943640,,,,00006291150970282462,,CONSUMER GOODS,1,kg,0,cm,0,cm,0,cm,,,,,
"021"" - "":PS3021 SILVER SPRINGS PHCY RX",672709,QH,21,1-5720 SILVER SPRINGS BLVD N W,CALGARY,"AB ",T3BB4N,CA,20-11-2024,05:00:00,04034535251,B001943640,,,,00006291150970282479,,CONSUMER GOODS,1,kg,0,cm,0,cm,0,cm,,,,,
"021"" - "":PS3021 SILVER SPRINGS PHCY RX",672709,QH,21,1-5720 SILVER SPRINGS BLVD N W,CALGARY,"AB ",T3BB4N,CA,20-11-2024,05:00:00,04034535251,B001943640,,,,00006291150970282486,,CONSUMER GOODS,1,kg,0,cm,0,cm,0,cm,,,,,
"021"" - "":PS3021 SILVER SPRINGS PHCY RX",672709,QH,21,1-5720 SILVER SPRINGS BLVD N W,CALGARY,"AB ",T3BB4N,CA,20-11-2024,05:00:00,04034535251,B001943640,,,,00006291150970282493,,CONSUMER GOODS,1,kg,0,cm,0,cm,0,cm,,,,,
"021"" - "":PS3021 SILVER SPRINGS PHCY RX",672709,QH,21,1-5720 SILVER SPRINGS BLVD N W,CALGARY,"AB ",T3BB4N,CA,20-11-2024,05:00:00,04034535251,B001943640,,,,00006291150970282691,,CONSUMER GOODS,1,kg,0,cm,0,cm,0,cm,,,,,
"021"" - "":PS3021 SILVER SPRINGS PHCY RX",672709,QH,21,1-5720 SILVER SPRINGS BLVD N W,CALGARY,"AB ",T3BB4N,CA,20-11-2024,05:00:00,04034535251,B001943640,,,,00006291150970282707,,CONSUMER GOODS,1,kg,0,cm,0,cm,0,cm,,,,,
"021"" - "":PS3021 SILVER SPRINGS PHCY RX",672709,QH,21,1-5720 SILVER SPRINGS BLVD N W,CALGARY,"AB ",T3BB4N,CA,20-11-2024,05:00:00,04034535251,B001943640,,,,00006291150970282851,,CONSUMER GOODS,1,kg,0,cm,0,cm,0,cm,,,,,
"014"" - "":PS3027 PHSAVE MARTINDALE RX",691162,QH,14,79 MARTINDALE BLVD N E,CALGARY,"AB ",T3JJ2X,CA,20-11-2024,05:00:00,04034539210,B001943632,,,,00006291150970283704,,CONSUMER GOODS,1,kg,0,cm,0,cm,0,cm,B001943632,,,,
"014"" - "":PS3027 PHSAVE MARTINDALE RX",691162,QH,14,79 MARTINDALE BLVD N E,CALGARY,"AB ",T3JJ2X,CA,20-11-2024,05:00:00,04034539210,B001943632,,,,00006291150970283865,,CONSUMER GOODS,1,kg,0,cm,0,cm,0,cm,B001943632,,,,
"014"" - "":PS3027 PHSAVE MARTINDALE RX",691162,QH,14,79 MARTINDALE BLVD N E,CALGARY,"AB ",T3JJ2X,CA,20-11-2024,05:00:00,04034539210,B001943632,,,,00006291150970283872,,CONSUMER GOODS,1,kg,0,cm,0,cm,0,cm,B001943632,,,,
"014"" - "":PS3027 PHSAVE MARTINDALE RX",691162,QH,14,79 MARTINDALE BLVD N E,CALGARY,"AB ",T3JJ2X,CA,20-11-2024,05:00:00,04034539210,B001943632,,,,00006291150970283889,,CONSUMER GOODS,1,kg,0,cm,0,cm,0,cm,B001943632,,,,
"014"" - "":PS3027 PHSAVE MARTINDALE RX",691162,QH,14,79 MARTINDALE BLVD N E,CALGARY,"AB ",T3JJ2X,CA,20-11-2024,05:00:00,04034539210,B001943632,,,,00006291150970283896,,CONSUMER GOODS,1,kg,0,cm,0,cm,0,cm,B001943632,,,,
"014"" - "":PS3027 PHSAVE MARTINDALE RX",691162,QH,14,79 MARTINDALE BLVD N E,CALGARY,"AB ",T3JJ2X,CA,20-11-2024,05:00:00,04034539210,B001943632,,,,00006291150970283902,,CONSUMER GOODS,1,kg,0,cm,0,cm,0,cm,B001943632,,,,
"014"" - "":PS3027 PHSAVE MARTINDALE RX",691162,QH,14,79 MARTINDALE BLVD N E,CALGARY,"AB ",T3JJ2X,CA,20-11-2024,05:00:00,04034539210,B001943632,,,,00006291150970283919,,CONSUMER GOODS,1,kg,0,cm,0,cm,0,cm,B001943632,,,,
"014"" - "":PS3027 PHSAVE MARTINDALE RX",691162,QH,14,79 MARTINDALE BLVD N E,CALGARY,"AB ",T3JJ2X,CA,20-11-2024,05:00:00,04034539210,B001943632,,,,00006291150970283926,,CONSUMER GOODS,1,kg,0,cm,0,cm,0,cm,B001943632,,,,
"014"" - "":PS3027 PHSAVE MARTINDALE RX",691162,QH,14,79 MARTINDALE BLVD N E,CALGARY,"AB ",T3JJ2X,CA,20-11-2024,05:00:00,04034539210,B001943632,,,,00006291150970283957,,CONSUMER GOODS,1,kg,0,cm,0,cm,0,cm,B001943632,,,,
"014"" - "":PS3027 PHSAVE MARTINDALE RX",691162,QH,14,79 MARTINDALE BLVD N E,CALGARY,"AB ",T3JJ2X,CA,20-11-2024,05:00:00,04034539210,B001943632,,,,00006291150970283964,,CONSUMER GOODS,1,kg,0,cm,0,cm,0,cm,B001943632,,,,
"014"" - "":PS3027 PHSAVE MARTINDALE RX",691162,QH,14,79 MARTINDALE BLVD N E,CALGARY,"AB ",T3JJ2X,CA,20-11-2024,05:00:00,04034539210,B001943632,,,,00006291150970283971,,CONSUMER GOODS,1,kg,0,cm,0,cm,0,cm,B001943632,,,,
"014"" - "":PS3027 PHSAVE MARTINDALE RX",691162,QH,14,79 MARTINDALE BLVD N E,CALGARY,"AB ",T3JJ2X,CA,20-11-2024,05:00:00,04034539210,B001943632,,,,00006291150970284053,,CONSUMER GOODS,1,kg,0,cm,0,cm,0,cm,B001943632,,,,
"014"" - "":PS3027 PHSAVE MARTINDALE RX",691162,QH,14,79 MARTINDALE BLVD N E,CALGARY,"AB ",T3JJ2X,CA,20-11-2024,05:00:00,04034539210,B001943632,,,,00006291150970425425,,CONSUMER GOODS,1,kg,0,cm,0,cm,0,cm,B001943632,,,,
"014"" - "":PS3027 PHSAVE MARTINDALE RX",691162,QH,14,79 MARTINDALE BLVD N E,CALGARY,"AB ",T3JJ2X,CA,20-11-2024,05:00:00,04034539210,B001943632,,,,00006291150970439682,,CONSUMER GOODS,1,kg,0,cm,0,cm,0,cm,B001943632,,,,
"014"" - "":PS3027 PHSAVE MARTINDALE RX",691162,QH,14,79 MARTINDALE BLVD N E,CALGARY,"AB ",T3JJ2X,CA,20-11-2024,05:00:00,04034539210,B001943632,,,,00006291150970425418,,CONSUMER GOODS,1,kg,0,cm,0,cm,0,cm,B001943632,,,,
"014"" - "":PS3027 PHSAVE MARTINDALE RX",691162,QH,14,79 MARTINDALE BLVD N E,CALGARY,"AB ",T3JJ2X,CA,20-11-2024,05:00:00,04034539210,B001943632,,,,00006291150970439699,,CONSUMER GOODS,1,kg,0,cm,0,cm,0,cm,B001943632,,,,
"019"" - "":SANDSTONE ENHANCED CARE",702621,QH,19,105A-4405 9TH ST S E,CALGARY,"AB ",T2GG3C,CA,20-11-2024,05:00:00,04032175163,,,,,00006291150970285418,,CONSUMER GOODS,1,kg,0,cm,0,cm,0,cm,,,,,
"019"" - "":SANDSTONE ENHANCED CARE",702621,QH,19,105A-4405 9TH ST S E,CALGARY,"AB ",T2GG3C,CA,20-11-2024,05:00:00,04032175163,,,,,00006291150970285425,,CONSUMER GOODS,1,kg,0,cm,0,cm,0,cm,,,,,
"019"" - "":SANDSTONE ENHANCED CARE",702621,QH,19,105A-4405 9TH ST S E,CALGARY,"AB ",T2GG3C,CA,20-11-2024,05:00:00,04032175163,,,,,00006291150970285432,,CONSUMER GOODS,1,kg,0,cm,0,cm,0,cm,,,,,
"019"" - "":SANDSTONE ENHANCED CARE",702621,QH,19,105A-4405 9TH ST S E,CALGARY,"AB ",T2GG3C,CA,20-11-2024,05:00:00,04032175163,,,,,00006291150970285449,,CONSUMER GOODS,1,kg,0,cm,0,cm,0,cm,,,,,
"019"" - "":SANDSTONE ENHANCED CARE",702621,QH,19,105A-4405 9TH ST S E,CALGARY,"AB ",T2GG3C,CA,20-11-2024,05:00:00,04032175163,,,,,00006291150970285456,,CONSUMER GOODS,1,kg,0,cm,0,cm,0,cm,,,,,
"019"" - "":SANDSTONE ENHANCED CARE",702621,QH,19,105A-4405 9TH ST S E,CALGARY,"AB ",T2GG3C,CA,20-11-2024,05:00:00,04032175163,,,,,00006291150970285463,,CONSUMER GOODS,1,kg,0,cm,0,cm,0,cm,,,,,
"019"" - "":SANDSTONE ENHANCED CARE",702621,QH,19,105A-4405 9TH ST S E,CALGARY,"AB ",T2GG3C,CA,20-11-2024,05:00:00,04032175163,,,,,00006291150970285470,,CONSUMER GOODS,1,kg,0,cm,0,cm,0,cm,,,,,
"019"" - "":SANDSTONE ENHANCED CARE",702621,QH,19,105A-4405 9TH ST S E,CALGARY,"AB ",T2GG3C,CA,20-11-2024,05:00:00,04032175163,,,,,00006291150970285487,,CONSUMER GOODS,1,kg,0,cm,0,cm,0,cm,,,,,
"019"" - "":SANDSTONE ENHANCED CARE",702621,QH,19,105A-4405 9TH ST S E,CALGARY,"AB ",T2GG3C,CA,20-11-2024,05:00:00,04032175163,,,,,00006291150970285494,,CONSUMER GOODS,1,kg,0,cm,0,cm,0,cm,,,,,
"019"" - "":SANDSTONE ENHANCED CARE",702621,QH,19,105A-4405 9TH ST S E,CALGARY,"AB ",T2GG3C,CA,20-11-2024,05:00:00,04032175163,,,,,00006291150970285500,,CONSUMER GOODS,1,kg,0,cm,0,cm,0,cm,,,,,
"019"" - "":SANDSTONE ENHANCED CARE",702621,QH,19,105A-4405 9TH ST S E,CALGARY,"AB ",T2GG3C,CA,20-11-2024,05:00:00,04032175163,,,,,00006291150970285524,,CONSUMER GOODS,1,kg,0,cm,0,cm,0,cm,,,,,
"019"" - "":SANDSTONE ENHANCED CARE",702621,QH,19,105A-4405 9TH ST S E,CALGARY,"AB ",T2GG3C,CA,20-11-2024,05:00:00,04032175163,,,,,00006291150970285531,,CONSUMER GOODS,1,kg,0,cm,0,cm,0,cm,,,,,
"019"" - "":SANDSTONE ENHANCED CARE",702621,QH,19,105A-4405 9TH ST S E,CALGARY,"AB ",T2GG3C,CA,20-11-2024,05:00:00,04032175163,,,,,00006291150970285548,,CONSUMER GOODS,1,kg,0,cm,0,cm,0,cm,,,,,
"019"" - "":SANDSTONE ENHANCED CARE",702621,QH,19,105A-4405 9TH ST S E,CALGARY,"AB ",T2GG3C,CA,20-11-2024,05:00:00,04032175163,,,,,00006291150970285555,,CONSUMER GOODS,1,kg,0,cm,0,cm,0,cm,,,,,
"019"" - "":SANDSTONE ENHANCED CARE",702621,QH,19,105A-4405 9TH ST S E,CALGARY,"AB ",T2GG3C,CA,20-11-2024,05:00:00,04032175163,,,,,00006291150970285562,,CONSUMER GOODS,1,kg,0,cm,0,cm,0,cm,,,,,
"019"" - "":SANDSTONE ENHANCED CARE",702621,QH,19,105A-4405 9TH ST S E,CALGARY,"AB ",T2GG3C,CA,20-11-2024,05:00:00,04032175163,,,,,00006291150970285579,,CONSUMER GOODS,1,kg,0,cm,0,cm,0,cm,,,,,
"019"" - "":SANDSTONE ENHANCED CARE",702621,QH,19,105A-4405 9TH ST S E,CALGARY,"AB ",T2GG3C,CA,20-11-2024,05:00:00,04032175163,,,,,00006291150970285586,,CONSUMER GOODS,1,kg,0,cm,0,cm,0,cm,,,,,
"019"" - "":SANDSTONE ENHANCED CARE",702621,QH,19,105A-4405 9TH ST S E,CALGARY,"AB ",T2GG3C,CA,20-11-2024,05:00:00,04032175163,,,,,00006291150970285593,,CONSUMER GOODS,1,kg,0,cm,0,cm,0,cm,,,,,
"019"" - "":SANDSTONE ENHANCED CARE",702621,QH,19,105A-4405 9TH ST S E,CALGARY,"AB ",T2GG3C,CA,20-11-2024,05:00:00,04032175163,,,,,00006291150970285609,,CONSUMER GOODS,1,kg,0,cm,0,cm,0,cm,,,,,
"019"" - "":SANDSTONE ENHANCED CARE",702621,QH,19,105A-4405 9TH ST S E,CALGARY,"AB ",T2GG3C,CA,20-11-2024,05:00:00,04032175163,,,,,00006291150970285616,,CONSUMER GOODS,1,kg,0,cm,0,cm,0,cm,,,,,
"019"" - "":SANDSTONE ENHANCED CARE",702621,QH,19,105A-4405 9TH ST S E,CALGARY,"AB ",T2GG3C,CA,20-11-2024,05:00:00,04032175163,,,,,00006291150970285692,,CONSUMER GOODS,1,kg,0,cm,0,cm,0,cm,,,,,
"019"" - "":SANDSTONE ENHANCED CARE",702621,QH,19,105A-4405 9TH ST S E,CALGARY,"AB ",T2GG3C,CA,20-11-2024,05:00:00,04032175163,,,,,00006291150970285708,,CONSUMER GOODS,1,kg,0,cm,0,cm,0,cm,,,,,
"019"" - "":SANDSTONE ENHANCED CARE",702621,QH,19,105A-4405 9TH ST S E,CALGARY,"AB ",T2GG3C,CA,20-11-2024,05:00:00,04032175163,,,,,00006291150970285746,,CONSUMER GOODS,1,kg,0,cm,0,cm,0,cm,,,,,
"019"" - "":SANDSTONE ENHANCED CARE",702621,QH,19,105A-4405 9TH ST S E,CALGARY,"AB ",T2GG3C,CA,20-11-2024,05:00:00,04032175163,,,,,00006291150970285937,,CONSUMER GOODS,1,kg,0,cm,0,cm,0,cm,,,,,
"019"" - "":SANDSTONE ENHANCED CARE",702621,QH,19,105A-4405 9TH ST S E,CALGARY,"AB ",T2GG3C,CA,20-11-2024,05:00:00,04032175163,,,,,00006291150970425357,,CONSUMER GOODS,1,kg,0,cm,0,cm,0,cm,B001943634,,,,
"019"" - "":SANDSTONE ENHANCED CARE",702621,QH,19,105A-4405 9TH ST S E,CALGARY,"AB ",T2GG3C,CA,20-11-2024,05:00:00,04032175163,,,,,00006291150970429119,,CONSUMER GOODS,1,kg,0,cm,0,cm,0,cm,B001943634,,,,
"019"" - "":SANDSTONE ENHANCED CARE",702621,QH,19,105A-4405 9TH ST S E,CALGARY,"AB ",T2GG3C,CA,20-11-2024,05:00:00,04032175163,,,,,00006291150970439613,,CONSUMER GOODS,1,kg,0,cm,0,cm,0,cm,B001943634,,,,
"019"" - "":SANDSTONE ENHANCED CARE",702621,QH,19,105A-4405 9TH ST S E,CALGARY,"AB ",T2GG3C,CA,20-11-2024,05:00:00,04032175163,,,,,00006291150970285661,,CONSUMER GOODS,1,kg,0,cm,0,cm,0,cm,B001943634,,,,
"019"" - "":SANDSTONE ENHANCED CARE",702621,QH,19,105A-4405 9TH ST S E,CALGARY,"AB ",T2GG3C,CA,20-11-2024,05:00:00,04032175163,,,,,00006291150970285777,,CONSUMER GOODS,1,kg,0,cm,0,cm,0,cm,B001943634,,,,
"019"" - "":SANDSTONE ENHANCED CARE",702621,QH,19,105A-4405 9TH ST S E,CALGARY,"AB ",T2GG3C,CA,20-11-2024,05:00:00,04032175163,,,,,00006291150970285791,,CONSUMER GOODS,1,kg,0,cm,0,cm,0,cm,B001943634,,,,
"019"" - "":SANDSTONE ENHANCED CARE",702621,QH,19,105A-4405 9TH ST S E,CALGARY,"AB ",T2GG3C,CA,20-11-2024,05:00:00,04032175163,,,,,00006291150970285821,,CONSUMER GOODS,1,kg,0,cm,0,cm,0,cm,B001943634,,,,
"019"" - "":SANDSTONE ENHANCED CARE",702621,QH,19,105A-4405 9TH ST S E,CALGARY,"AB ",T2GG3C,CA,20-11-2024,05:00:00,04032175163,,,,,00006291150970285838,,CONSUMER GOODS,1,kg,0,cm,0,cm,0,cm,B001943634,,,,
"019"" - "":SANDSTONE ENHANCED CARE",702621,QH,19,105A-4405 9TH ST S E,CALGARY,"AB ",T2GG3C,CA,20-11-2024,05:00:00,04032175163,,,,,00006291150970425340,,CONSUMER GOODS,1,kg,0,cm,0,cm,0,cm,B001943634,,,,
"019"" - "":SANDSTONE ENHANCED CARE",702621,QH,19,105A-4405 9TH ST S E,CALGARY,"AB ",T2GG3C,CA,20-11-2024,05:00:00,04032175163,,,,,00006291150970439620,,CONSUMER GOODS,1,kg,0,cm,0,cm,0,cm,B001943634,,,,
"019"" - "":SANDSTONE ENHANCED CARE",702621,QH,19,105A-4405 9TH ST S E,CALGARY,"AB ",T2GG3C,CA,20-11-2024,05:00:00,04032175163,,,,,00006291150970443368,,CONSUMER GOODS,1,kg,0,cm,0,cm,0,cm,B001943634,,,,
"023"" - "":REXALL #7522 BANKERS HALL",706333,QH,23,244-315 8TH AVE S W,CALGARY,"AB ",T2PP4K,CA,20-11-2024,05:00:00,04036630059,B001943646,,,,00006291150970286361,,CONSUMER GOODS,1,kg,0,cm,0,cm,0,cm,B001943646,,,,
"023"" - "":REXALL #7522 BANKERS HALL",706333,QH,23,244-315 8TH AVE S W,CALGARY,"AB ",T2PP4K,CA,20-11-2024,05:00:00,04036630059,B001943646,,,,00006291150970286378,,CONSUMER GOODS,1,kg,0,cm,0,cm,0,cm,B001943646,,,,
"023"" - "":REXALL #7522 BANKERS HALL",706333,QH,23,244-315 8TH AVE S W,CALGARY,"AB ",T2PP4K,CA,20-11-2024,05:00:00,04036630059,B001943646,,,,00006291150970286385,,CONSUMER GOODS,1,kg,0,cm,0,cm,0,cm,B001943646,,,,
"023"" - "":REXALL #7522 BANKERS HALL",706333,QH,23,244-315 8TH AVE S W,CALGARY,"AB ",T2PP4K,CA,20-11-2024,05:00:00,04036630059,B001943646,,,,00006291150970286392,,CONSUMER GOODS,1,kg,0,cm,0,cm,0,cm,B001943646,,,,
"023"" - "":REXALL #7522 BANKERS HALL",706333,QH,23,244-315 8TH AVE S W,CALGARY,"AB ",T2PP4K,CA,20-11-2024,05:00:00,04036630059,B001943646,,,,00006291150970286408,,CONSUMER GOODS,1,kg,0,cm,0,cm,0,cm,B001943646,,,,
"023"" - "":REXALL #7522 BANKERS HALL",706333,QH,23,244-315 8TH AVE S W,CALGARY,"AB ",T2PP4K,CA,20-11-2024,05:00:00,04036630059,B001943646,,,,00006291150970286415,,CONSUMER GOODS,1,kg,0,cm,0,cm,0,cm,B001943646,,,,
"023"" - "":REXALL #7522 BANKERS HALL",706333,QH,23,244-315 8TH AVE S W,CALGARY,"AB ",T2PP4K,CA,20-11-2024,05:00:00,04036630059,B001943646,,,,00006291150970286422,,CONSUMER GOODS,1,kg,0,cm,0,cm,0,cm,B001943646,,,,
"023"" - "":REXALL #7522 BANKERS HALL",706333,QH,23,244-315 8TH AVE S W,CALGARY,"AB ",T2PP4K,CA,20-11-2024,05:00:00,04036630059,B001943646,,,,00006291150970286439,,CONSUMER GOODS,1,kg,0,cm,0,cm,0,cm,B001943646,,,,
"023"" - "":REXALL #7522 BANKERS HALL",706333,QH,23,244-315 8TH AVE S W,CALGARY,"AB ",T2PP4K,CA,20-11-2024,05:00:00,04036630059,B001943646,,,,00006291150970286446,,CONSUMER GOODS,1,kg,0,cm,0,cm,0,cm,B001943646,,,,
"023"" - "":REXALL #7522 BANKERS HALL",706333,QH,23,244-315 8TH AVE S W,CALGARY,"AB ",T2PP4K,CA,20-11-2024,05:00:00,04036630059,B001943646,,,,00006291150970286453,,CONSUMER GOODS,1,kg,0,cm,0,cm,0,cm,B001943646,,,,
"023"" - "":REXALL #7522 BANKERS HALL",706333,QH,23,244-315 8TH AVE S W,CALGARY,"AB ",T2PP4K,CA,20-11-2024,05:00:00,04036630059,B001943646,,,,00006291150970286460,,CONSUMER GOODS,1,kg,0,cm,0,cm,0,cm,B001943646,,,,
"023"" - "":REXALL #7522 BANKERS HALL",706333,QH,23,244-315 8TH AVE S W,CALGARY,"AB ",T2PP4K,CA,20-11-2024,05:00:00,04036630059,B001943646,,,,00006291150970286477,,CONSUMER GOODS,1,kg,0,cm,0,cm,0,cm,B001943646,,,,
"023"" - "":REXALL #7522 BANKERS HALL",706333,QH,23,244-315 8TH AVE S W,CALGARY,"AB ",T2PP4K,CA,20-11-2024,05:00:00,04036630059,B001943646,,,,00006291150970286484,,CONSUMER GOODS,1,kg,0,cm,0,cm,0,cm,B001943646,,,,
"023"" - "":REXALL #7522 BANKERS HALL",706333,QH,23,244-315 8TH AVE S W,CALGARY,"AB ",T2PP4K,CA,20-11-2024,05:00:00,04036630059,B001943646,,,,00006291150970286491,,CONSUMER GOODS,1,kg,0,cm,0,cm,0,cm,B001943646,,,,
"023"" - "":REXALL #7522 BANKERS HALL",706333,QH,23,244-315 8TH AVE S W,CALGARY,"AB ",T2PP4K,CA,20-11-2024,05:00:00,04036630059,B001943646,,,,00006291150970286507,,CONSUMER GOODS,1,kg,0,cm,0,cm,0,cm,B001943646,,,,
"023"" - "":REXALL #7522 BANKERS HALL",706333,QH,23,244-315 8TH AVE S W,CALGARY,"AB ",T2PP4K,CA,20-11-2024,05:00:00,04036630059,B001943646,,,,00006291150970286514,,CONSUMER GOODS,1,kg,0,cm,0,cm,0,cm,B001943646,,,,
"023"" - "":REXALL #7522 BANKERS HALL",706333,QH,23,244-315 8TH AVE S W,CALGARY,"AB ",T2PP4K,CA,20-11-2024,05:00:00,04036630059,B001943646,,,,00006291150970286521,,CONSUMER GOODS,1,kg,0,cm,0,cm,0,cm,B001943646,,,,
"023"" - "":REXALL #7522 BANKERS HALL",706333,QH,23,244-315 8TH AVE S W,CALGARY,"AB ",T2PP4K,CA,20-11-2024,05:00:00,04036630059,B001943646,,,,00006291150970286538,,CONSUMER GOODS,1,kg,0,cm,0,cm,0,cm,B001943646,,,,
"023"" - "":REXALL #7522 BANKERS HALL",706333,QH,23,244-315 8TH AVE S W,CALGARY,"AB ",T2PP4K,CA,20-11-2024,05:00:00,04036630059,B001943646,,,,00006291150970286545,,CONSUMER GOODS,1,kg,0,cm,0,cm,0,cm,B001943646,,,,
"023"" - "":REXALL #7522 BANKERS HALL",706333,QH,23,244-315 8TH AVE S W,CALGARY,"AB ",T2PP4K,CA,20-11-2024,05:00:00,04036630059,B001943646,,,,00006291150970286552,,CONSUMER GOODS,1,kg,0,cm,0,cm,0,cm,B001943646,,,,
"023"" - "":REXALL #7522 BANKERS HALL",706333,QH,23,244-315 8TH AVE S W,CALGARY,"AB ",T2PP4K,CA,20-11-2024,05:00:00,04036630059,B001943646,,,,00006291150970286569,,CONSUMER GOODS,1,kg,0,cm,0,cm,0,cm,B001943646,,,,
"023"" - "":REXALL #7522 BANKERS HALL",706333,QH,23,244-315 8TH AVE S W,CALGARY,"AB ",T2PP4K,CA,20-11-2024,05:00:00,04036630059,B001943646,,,,00006291150970286576,,CONSUMER GOODS,1,kg,0,cm,0,cm,0,cm,B001943646,,,,
"023"" - "":REXALL #7522 BANKERS HALL",706333,QH,23,244-315 8TH AVE S W,CALGARY,"AB ",T2PP4K,CA,20-11-2024,05:00:00,04036630059,B001943646,,,,00006291150970286583,,CONSUMER GOODS,1,kg,0,cm,0,cm,0,cm,B001943646,,,,
"023"" - "":REXALL #7522 BANKERS HALL",706333,QH,23,244-315 8TH AVE S W,CALGARY,"AB ",T2PP4K,CA,20-11-2024,05:00:00,04036630059,B001943646,,,,00006291150970286590,,CONSUMER GOODS,1,kg,0,cm,0,cm,0,cm,B001943646,,,,
"023"" - "":REXALL #7522 BANKERS HALL",706333,QH,23,244-315 8TH AVE S W,CALGARY,"AB ",T2PP4K,CA,20-11-2024,05:00:00,04036630059,B001943646,,,,00006291150970286606,,CONSUMER GOODS,1,kg,0,cm,0,cm,0,cm,B001943646,,,,
"023"" - "":REXALL #7522 BANKERS HALL",706333,QH,23,244-315 8TH AVE S W,CALGARY,"AB ",T2PP4K,CA,20-11-2024,05:00:00,04036630059,B001943646,,,,00006291150970286613,,CONSUMER GOODS,1,kg,0,cm,0,cm,0,cm,B001943646,,,,
"023"" - "":REXALL #7522 BANKERS HALL",706333,QH,23,244-315 8TH AVE S W,CALGARY,"AB ",T2PP4K,CA,20-11-2024,05:00:00,04036630059,B001943646,,,,00006291150970286620,,CONSUMER GOODS,1,kg,0,cm,0,cm,0,cm,B001943646,,,,
"023"" - "":REXALL #7522 BANKERS HALL",706333,QH,23,244-315 8TH AVE S W,CALGARY,"AB ",T2PP4K,CA,20-11-2024,05:00:00,04036630059,B001943646,,,,00006291150970286637,,CONSUMER GOODS,1,kg,0,cm,0,cm,0,cm,B001943646,,,,
"023"" - "":REXALL #7522 BANKERS HALL",706333,QH,23,244-315 8TH AVE S W,CALGARY,"AB ",T2PP4K,CA,20-11-2024,05:00:00,04036630059,B001943646,,,,00006291150970286644,,CONSUMER GOODS,1,kg,0,cm,0,cm,0,cm,B001943646,,,,
"023"" - "":REXALL #7522 BANKERS HALL",706333,QH,23,244-315 8TH AVE S W,CALGARY,"AB ",T2PP4K,CA,20-11-2024,05:00:00,04036630059,B001943646,,,,00006291150970286651,,CONSUMER GOODS,1,kg,0,cm,0,cm,0,cm,B001943646,,,,
"023"" - "":REXALL #7522 BANKERS HALL",706333,QH,23,244-315 8TH AVE S W,CALGARY,"AB ",T2PP4K,CA,20-11-2024,05:00:00,04036630059,B001943646,,,,00006291150970425296,,CONSUMER GOODS,1,kg,0,cm,0,cm,0,cm,B001943646,,,,
"023"" - "":REXALL #7522 BANKERS HALL",706333,QH,23,244-315 8TH AVE S W,CALGARY,"AB ",T2PP4K,CA,20-11-2024,05:00:00,04036630059,B001943646,,,,00006291150970425289,,CONSUMER GOODS,1,kg,0,cm,0,cm,0,cm,B001943646,,,,
"023"" - "":REXALL #7522 BANKERS HALL",706333,QH,23,244-315 8TH AVE S W,CALGARY,"AB ",T2PP4K,CA,20-11-2024,05:00:00,04036630059,B001943646,,,,00006291150970425272,,CONSUMER GOODS,1,kg,0,cm,0,cm,0,cm,B001943646,,,,
"023"" - "":REXALL #7522 BANKERS HALL",706333,QH,23,244-315 8TH AVE S W,CALGARY,"AB ",T2PP4K,CA,20-11-2024,05:00:00,04036630059,B001943646,,,,00006291150970425302,,CONSUMER GOODS,1,kg,0,cm,0,cm,0,cm,B001943646,,,,
"023"" - "":REXALL #7522 BANKERS HALL",706333,QH,23,244-315 8TH AVE S W,CALGARY,"AB ",T2PP4K,CA,20-11-2024,05:00:00,04036630059,B001943646,,,,00006291150970429089,,CONSUMER GOODS,1,kg,0,cm,0,cm,0,cm,B001943646,,,,
"023"" - "":REXALL #7522 BANKERS HALL",706333,QH,23,244-315 8TH AVE S W,CALGARY,"AB ",T2PP4K,CA,20-11-2024,05:00:00,04036630059,B001943646,,,,00006291150970429072,,CONSUMER GOODS,1,kg,0,cm,0,cm,0,cm,B001943646,,,,
"023"" - "":REXALL #7522 BANKERS HALL",706333,QH,23,244-315 8TH AVE S W,CALGARY,"AB ",T2PP4K,CA,20-11-2024,05:00:00,04036630059,B001943646,,,,00006291150970429065,,CONSUMER GOODS,1,kg,0,cm,0,cm,0,cm,B001943646,,,,
"023"" - "":REXALL #7522 BANKERS HALL",706333,QH,23,244-315 8TH AVE S W,CALGARY,"AB ",T2PP4K,CA,20-11-2024,05:00:00,04036630059,B001943646,,,,00006291150970430139,,CONSUMER GOODS,1,kg,0,cm,0,cm,0,cm,B001943646,,,,
"023"" - "":REXALL #7522 BANKERS HALL",706333,QH,23,244-315 8TH AVE S W,CALGARY,"AB ",T2PP4K,CA,20-11-2024,05:00:00,04036630059,B001943646,,,,00006291150970430122,,CONSUMER GOODS,1,kg,0,cm,0,cm,0,cm,B001943646,,,,
"023"" - "":REXALL #7522 BANKERS HALL",706333,QH,23,244-315 8TH AVE S W,CALGARY,"AB ",T2PP4K,CA,20-11-2024,05:00:00,04036630059,B001943646,,,,00006291150970434557,,CONSUMER GOODS,1,kg,0,cm,0,cm,0,cm,B001943646,,,,
"023"" - "":REXALL #7522 BANKERS HALL",706333,QH,23,244-315 8TH AVE S W,CALGARY,"AB ",T2PP4K,CA,20-11-2024,05:00:00,04036630059,B001943646,,,,00006291150970439576,,CONSUMER GOODS,1,kg,0,cm,0,cm,0,cm,B001943646,,,,
"023"" - "":REXALL #7522 BANKERS HALL",706333,QH,23,244-315 8TH AVE S W,CALGARY,"AB ",T2PP4K,CA,20-11-2024,05:00:00,04036630059,B001943646,,,,00006291150970439583,,CONSUMER GOODS,1,kg,0,cm,0,cm,0,cm,B001943646,,,,
"023"" - "":REXALL #7522 BANKERS HALL",706333,QH,23,244-315 8TH AVE S W,CALGARY,"AB ",T2PP4K,CA,20-11-2024,05:00:00,04036630059,B001943646,,,,00006291150970439569,,CONSUMER GOODS,1,kg,0,cm,0,cm,0,cm,B001943646,,,,
"023"" - "":REXALL #7522 BANKERS HALL",706333,QH,23,244-315 8TH AVE S W,CALGARY,"AB ",T2PP4K,CA,20-11-2024,05:00:00,04036630059,B001943646,,,,00006291150970439552,,CONSUMER GOODS,1,kg,0,cm,0,cm,0,cm,B001943646,,,,
"023"" - "":REXALL #7522 BANKERS HALL",706333,QH,23,244-315 8TH AVE S W,CALGARY,"AB ",T2PP4K,CA,20-11-2024,05:00:00,04036630059,B001943646,,,,00006291150970443344,,CONSUMER GOODS,1,kg,0,cm,0,cm,0,cm,B001943646,,,,
"023"" - "":REXALL #7522 BANKERS HALL",706333,QH,23,244-315 8TH AVE S W,CALGARY,"AB ",T2PP4K,CA,20-11-2024,05:00:00,04036630059,B001943646,,,,00006291150970443337,,CONSUMER GOODS,1,kg,0,cm,0,cm,0,cm,B001943646,,,,
"023"" - "":REXALL #7522 BANKERS HALL",706333,QH,23,244-315 8TH AVE S W,CALGARY,"AB ",T2PP4K,CA,20-11-2024,05:00:00,04036630059,B001943646,,,,00006291150970443320,,CONSUMER GOODS,1,kg,0,cm,0,cm,0,cm,B001943646,,,,
"023"" - "":REXALL #7522 BANKERS HALL",706333,QH,23,244-315 8TH AVE S W,CALGARY,"AB ",T2PP4K,CA,20-11-2024,05:00:00,04036630059,B001943646,,,,00006291150970443313,,CONSUMER GOODS,1,kg,0,cm,0,cm,0,cm,B001943646,,,,
"023"" - "":REXALL #7522 BANKERS HALL",706333,QH,23,244-315 8TH AVE S W,CALGARY,"AB ",T2PP4K,CA,20-11-2024,05:00:00,04036630059,B001943646,,,,00006291150970286712,,CONSUMER GOODS,1,kg,0,cm,0,cm,0,cm,,,,,
"023"" - "":REXALL #7522 BANKERS HALL",706333,QH,23,244-315 8TH AVE S W,CALGARY,"AB ",T2PP4K,CA,20-11-2024,05:00:00,04036630059,B001943646,,,,00006291150970286729,,CONSUMER GOODS,1,kg,0,cm,0,cm,0,cm,,,,,
"023"" - "":REXALL #7522 BANKERS HALL",706333,QH,23,244-315 8TH AVE S W,CALGARY,"AB ",T2PP4K,CA,20-11-2024,05:00:00,04036630059,B001943646,,,,00006291150970286736,,CONSUMER GOODS,1,kg,0,cm,0,cm,0,cm,,,,,
"005"" - "":PC8001 AVENIDA PHCY FS",740423,QH,5,12445 LAKE FRASER DR,CALGARY,"AB ",T2JJ7A,CA,20-11-2024,05:00:00,04037206337,B001943638,,,,00006291150970287641,,CONSUMER GOODS,1,kg,0,cm,0,cm,0,cm,B001943638,,,,
"005"" - "":PC8001 AVENIDA PHCY FS",740423,QH,5,12445 LAKE FRASER DR,CALGARY,"AB ",T2JJ7A,CA,20-11-2024,05:00:00,04037206337,B001943638,,,,00006291150970287719,,CONSUMER GOODS,1,kg,0,cm,0,cm,0,cm,B001943638,,,,
"005"" - "":PC8001 AVENIDA PHCY FS",740423,QH,5,12445 LAKE FRASER DR,CALGARY,"AB ",T2JJ7A,CA,20-11-2024,05:00:00,04037206337,B001943638,,,,00006291150970287917,,CONSUMER GOODS,1,kg,0,cm,0,cm,0,cm,B001943638,,,,
"005"" - "":PC8001 AVENIDA PHCY FS",740423,QH,5,12445 LAKE FRASER DR,CALGARY,"AB ",T2JJ7A,CA,20-11-2024,05:00:00,04037206337,B001943638,,,,00006291150970287948,,CONSUMER GOODS,1,kg,0,cm,0,cm,0,cm,B001943638,,,,
"005"" - "":PC8001 AVENIDA PHCY FS",740423,QH,5,12445 LAKE FRASER DR,CALGARY,"AB ",T2JJ7A,CA,20-11-2024,05:00:00,04037206337,B001943638,,,,00006291150970287986,,CONSUMER GOODS,1,kg,0,cm,0,cm,0,cm,B001943638,,,,
"005"" - "":PC8001 AVENIDA PHCY FS",740423,QH,5,12445 LAKE FRASER DR,CALGARY,"AB ",T2JJ7A,CA,20-11-2024,05:00:00,04037206337,B001943638,,,,00006291150970425548,,CONSUMER GOODS,1,kg,0,cm,0,cm,0,cm,B001943638,,,,
"005"" - "":PC8001 AVENIDA PHCY FS",740423,QH,5,12445 LAKE FRASER DR,CALGARY,"AB ",T2JJ7A,CA,20-11-2024,05:00:00,04037206337,B001943638,,,,00006291150970429317,,CONSUMER GOODS,1,kg,0,cm,0,cm,0,cm,B001943638,,,,
"005"" - "":PC8001 AVENIDA PHCY FS",740423,QH,5,12445 LAKE FRASER DR,CALGARY,"AB ",T2JJ7A,CA,20-11-2024,05:00:00,04037206337,B001943638,,,,00006291150970430207,,CONSUMER GOODS,1,kg,0,cm,0,cm,0,cm,B001943638,,,,
"005"" - "":PC8001 AVENIDA PHCY FS",740423,QH,5,12445 LAKE FRASER DR,CALGARY,"AB ",T2JJ7A,CA,20-11-2024,05:00:00,04037206337,B001943638,,,,00006291150970434618,,CONSUMER GOODS,1,kg,0,cm,0,cm,0,cm,B001943638,,,,
"005"" - "":PC8001 AVENIDA PHCY FS",740423,QH,5,12445 LAKE FRASER DR,CALGARY,"AB ",T2JJ7A,CA,20-11-2024,05:00:00,04037206337,B001943638,,,,00006291150970439873,,CONSUMER GOODS,1,kg,0,cm,0,cm,0,cm,B001943638,,,,
"005"" - "":PC8001 AVENIDA PHCY FS",740423,QH,5,12445 LAKE FRASER DR,CALGARY,"AB ",T2JJ7A,CA,20-11-2024,05:00:00,04037206337,B001943638,,,,00006291150970443412,,CONSUMER GOODS,1,kg,0,cm,0,cm,0,cm,B001943638,,,,
